track_id,artist,album,track,album_track_seq,track_release_date
5HQEmiV2lKnSO6qa2fsR7x,10cc,The Original Soundtrack,I'm Not In Love,2,1975
4AQzk2yNWKs6sYhZi6NzVN,The 1975,Me & You Together Song,Me & You Together Song,1,2020-01-16
3CRDbSIZ4r5MsZ0YwxuEkn,Twenty One Pilots,Blurryface,Stressed Out,2,2015-05-15
6ZOBP3NvffbU4SZcrnt1k6,3 Doors Down,The Better Life,Kryptonite,1,2000
0lP4HYLmvowOKdsQ7CVkuq,Thirty Seconds To Mars,A Beautiful Lie,The Kill,3,2005-01-01
6Fe3Flc9SjE03pqwD6PVQl,311,From Chaos,Amber,10,2001-06-19
3jYRpwbctfqB77uU7T7K3U,38 Special,Special Forces,Caught Up In You,1,1982-01-01
2iUXsYOEPhVqEBwsqP70rE,5 Seconds of Summer,Youngblood (Deluxe),Youngblood,1,2018-06-15
2wUVGLUavySjAtbF7rpVfh,7th Order,The Initiate's Journey: 2003–13,Lazarus,2,2015-06-01
4PEeZ2U4UfP2Jo8EtIOjus,? & The Mysterians,96 Tears,96 Tears,12,1966
4NtUY5IGzHCaqfZemmAu56,ABBA,Arrival,Dancing Queen,2,1976
2zYzyRzz6pRmhPzyfMEC8s,AC/DC,Highway to Hell,Highway to Hell,1,1979-07-27
760xFXFj5Fksa3jawSCn5g,Adam Ant,Friend Or Foe,Goody Two Shoes,7,1982
3VUn9dg1oktCgUOtcus0T5,Adam Faith,A's B's & EP's,Lonely Pup (In a Christmas Shop),12,2003-12-08
2rDwdvBma1O1eLzo29p2cr,Adam Lambert,For Your Entertainment,Whataya Want from Me,3,2009-11-20
0TkJIyL69RAUIbNwGub6uR,AJR,The Click (Deluxe Edition),Burn The House Down,14,2018-09-21
5anCkDvJ17aznvK5TED5uo,Avenged Sevenfold,Hail to the King,Hail to the King,2,2013-08-23
5xEM5hIgJ1jjgcEBfpkt2F,Avril Lavigne,Let Go,Complicated,2,2002-06-04
7rdGrVIoqwPWOULauvglio,Adam Levine,Lost Stars,Lost Stars,1,2014-06-23
5MxNLUsfh7uzROypsoO5qe,Aerosmith,Aerosmith,Dream On,3,1973-01-05
2WfaOiMkCvy7F5fcp2zZ8L,a-ha,Hunting High and Low,Take on Me,1,1985-06-01
2kQuhkFX7uSVepCD3h29g5,Akon,Konvicted,Smack That,3,2006-01-01
4MnI07LzpYDbvMFpJbjfoa,Albert Lee,Heartbreak Hill,Born To Run,4,2003
3iDGKn7VAFqTBb6LT7oL4s,Alex Chilton,Like Flies On Sherbert,Hey! Little Child,3,2005
3frLIzlUj2yJb8WBn08Dny,1 Sound of Alabama,Perfect Man,Perfect Man,1,2012-11-25
5nFpF7jUbVnnDMXIu65aoh,Ambrosia,Ambrosia,Holdin' on to Yesterday,3,1975
5z6xHjCZr7a7AIcy8sPBKy,Alien Ant Farm,Anthology,Smooth Criminal,12,2001-01-01
6ihL9TjfRjadfEePzXXyVF,The All-American Rejects,When The World Comes Down,Gives You Hell,4,2008-01-01
5cfYurP1XKldMBtvBBJiTs,The Allman Brothers Band,Dreams,Ramblin' Man,7,1989-06-20
0mg09mcFaxXDkldCXo0jyE,Also Eden,It's Kind of You to Ask,Skimming Stones,3,2011-01-23
3UULkHdmLDqBDPmBYltoRE,Alter Bridge,One Day Remains,Metalingus,5,2004-08-10
54eZmuggBFJbV7k248bTTt,America,America,A Horse with No Name,5,1972
7DTTn7aeCENliHGmsWkMFo,Anarbor,Burnout (Deluxe Version),18,3,2013-06-04
5EdlwzcgIAYs2HGvOnczPN,Andy Gibb,Flowing Rivers,I Just Want To Be Your Everything,1,1977-09-09
1GAFVs4X7fJS6awEPIl3y9,Angelica Hale,Feel the Magic,Fight Song,5,2019-10-18
2YZrjrLRMfGdyue73N6BLY,Angels & Airwaves,Kiss & Tell,Kiss & Tell,1,2019-08-30
7BY005dacJkbO6EPiOh2wb,The Animals,The Animals,House Of The Rising Sun,1,1964-01-01
3joeQA8GGsVOf2lfgsGAtq,The Archies,The Archies: Greatest Hits,"Sugar, Sugar",1,1969-02-15
5FVd6KXrgO9B3JPmC8OPst,Arctic Monkeys,AM,Do I Wanna Know?,1,2013-09-09
3vfIv3pvYlLOa0wKIEuqFn,Argent,All Together Now,Hold Your Head Up,1,1971
3Jy0dWV5AnnfyTvHK6UWof,Art Garfunkel,Fate For Breakfast,Bright Eyes,6,1979-03-15
7yXibbAYi4to5oQTeO738f,Ashlee Simpson,Autobiography,Pieces Of Me,2,2004-01-01
3YuaBvuZqcwN3CEAyyoaei,Audioslave,Audioslave,Like a Stone,5,2002-11-17
7CEV9VwA8XO9wwxTXgYKvY,The Avett Brothers,I And Love And You,I And Love And You,1,2009-01-01
5N7d8uxMeuO4HdncbkuhSB,AWOLNATION,Megalithic Symphony,Sail,10,2011-03-15
7Bs7E2RtJh6Zo1ngWIpm3s,Steven Adler,American '80s Hair Metal,Nice Boys,8,2008-01-22
0pSBuHjILhNEo55xK1zrRt,Ayo & Teo,Rolex,Rolex,1,2017-03-15
5z4808n9RA4vgXxlYxsCql,Ayub Bachchu,Rupali Guitar,Cholo Bodle Jay,2,2018-12-06
0HOrDVS349XFcpCYsO2hAP,Bachman-Turner Overdrive,Not Fragile,You Ain't Seen Nothing Yet,4,1974
47BBI51FKFwOMlIiX6m8ya,Backstreet Boys,Millennium,I Want It That Way,2,1999-05-18
3KPwt1LBpt1jVSHz8GXERo,Bad Company,Straight Shooter,Feel Like Makin' Love - 2015 Remaster,2,1975
6S3JlDAGk3uu3NtZbPnuhS,Badfinger,Straight Up (Remastered 2010 / Deluxe Edition),Baby Blue - Remastered 2010,2,1971-12-13
5TZn3LQSWwVPnBlPgFKb54,Bad Religion,Recipe For Hate,American Jesus,3,1993-09-21
5sCvipEhpAhVhu3K6kzm1P,The Band CAMINO,My Thoughts on You,2 / 14,1,2016-04-01
0247StOpd3AkeBQzANX4Zf,Band Aid,Do They Know It's Christmas?,Do They Know It's Christmas? - 1984 Version,2,2004-01-01
4u26EevCNXMhlvE1xFBJwX,The Band Perry,The Band Perry,If I Die Young,3,2010-01-01
4xiaE15ARCs5CVPA6J8gmC,The Bangles,Everything,Eternal Flame,5,1988-10-18
1Mf27cnAF1Q6Ko83XTM5d1,Barns Courtney,The Attractions Of Youth,Glitter & Gold,2,2017-09-29
2dpaYNEQHiRxtZbfNsse99,Marshmello,Happier,Happier,1,2018-08-17
7wC5vOh3fQibFYWjCIotKw,Bay City Rollers,Once Upon A Star,Bye Bye Baby,1,1975
3cg0dJfrQB66Qf2YthPb6G,B.B. King,Deuces Wild,The Thrill Is Gone,2,1997-11-04
3SdTKo2uVsxFblQjpScoHy,Ben E. King,Don't Play That Song (Mono),Stand by Me,7,1962-08-20
5e50NiIlOc2YJIftHzoehd,Becky G,MALA SANTA,MALA SANTA,1,2019-10-18
0Puj4YlTm6xNzDDADXHMI9,Beastie Boys,Ill Communication,Sabotage,6,1994-05-23
6dGnYIeXmHdcikdzNNDMm2,The Beatles,Abbey Road (Remastered),Here Comes The Sun - Remastered 2009,7,1969-09-26
2Gy7qnDwt8Z3MNxqat4CsK,The Beach Boys,Pet Sounds (Original Mono & Stereo Mix Versions),Wouldn't It Be Nice - Stereo Mix,15,1966-06-16
3mRM4NM8iO7UBqrSigCQFH,Bee Gees,Greatest,"Stayin' Alive - From ""Saturday Night Fever"" Soundtrack",5,1979-01-01
1fujSajijBpJlr5mRGKHJN,Ben Folds,Rockin' The Suburbs,The Luckiest,12,2001-09-11
4jKq1e80xAYixkIwt6YyV1,Ben Folds Five,Whatever And Ever Amen (Remastered Edition),Brick,3,1997-03-18
0ttHpMs250dpFkCYAnuhnE,Better Than Ezra,Deluxe,Good,2,1995-02-28
07GtDOCxmye5KDWsTSACPk,The Big Bopper,Chantilly Lace,Chantilly Lace,1,1958-01-01
5s7m2xNZWgz5FqVSIvJcGA,Big & Rich,Horse Of A Different Color,Save a Horse (Ride a Cowboy),9,2004-04-20
0PgWyoqPJO6DGVPnzmbIcu,Bill Haley Jr. and the Comets,Bill Haley Jr. and the Comets,Crazy Man Crazy,2,2013-11-08
1k1Bqnv2R0uJXQN4u6LKYt,Bill Withers,Just As I Am,Ain't No Sunshine,2,1971-05-01
5u8Uan68a0wy0CGj49SQzT,Billy Fury,The One and Only,Wondrous Place,13,1983-01-01
4TIJ7zSBNejpoIPaWpWRKc,Billy Idol,Rebel Yell,Rebel Yell,1,1983-11-01
2m4Pj6wQvhiBITHzjYZpsh,Billy J. Kramer,EMI Legends Rock 'n' Roll Seris - The Definitive Collection,Trains and Boats and Planes,18,1991-09-30
5zA8vzDGqPl2AzZkEYQGKh,Billy Joel,An Innocent Man,Uptown Girl,6,1983-08-08
6zmQ8bzlDIfngjy0Ba3w46,The Beatles,1 (Remastered),Get Back - Remastered 2015,22,2000-11-13
52KvuGmgcgRdrLMXOtda0E,Billy Squier,Don't Say No,The Stroke - Remastered,2,1981
0OMNQyneWmmZtTQpULYJcl,Björk,Post,It's Oh so Quiet,4,1995-06-13
05NYcsjJwOYq4jIiKPVj9p,The Black Crowes,Shake Your Money Maker,Hard To Handle,6,1990-02-13
4kFfFe38CRVnTsakUTL4E4,Black Flag,Damaged,Rise Above,1,1981
5G1sTBGbZT5o4PNRc75RKI,The Black Keys,El Camino,Lonely Boy,1,2011-12-06
48Jo6ii5CSFLDK2wu6yPJW,Black Label Society,The Blessed Hellride,Stillborn,3,2003-04-22
1Y373MqadDRtclJNdnUXVc,Black Sabbath,Paranoid (2014 Remaster),Paranoid - 2016 Remaster,2,1970-09-18
1BwhFXqoIsePt21WyWIttb,Bleachers,Strange Desire,I Wanna Get Better,4,2014-07-11
2m1hi0nfMR9vdGC8UcrnwU,blink-182,Enema Of The State,All The Small Things,8,1999-06-01
0a4agFmqHXxcZl1nho1BxM,Blondie,Best Of Blondie,Heart Of Glass - Special Mix,1,1981-10-31
0spSRHFS4zF4Imvz9sJcfL,"Blood, Sweat & Tears","Blood, Sweat & Tears (Expanded Edition)",Spinning Wheel,7,1968-12
5EYdTPdJD74r9EVZBztqGG,Bloodhound Gang,Hooray For Boobies,The Bad Touch,10,1999-10-04
5QTxFnGygVM4jFQiBovmRo,Blue Öyster Cult,Agents Of Fortune,(Don't Fear) The Reaper,3,1976
1CtKHwDqsH3ctcCCI18N0g,The Blues Brothers,The Blues Brothers: Original Soundtrack Recording,Everybody Needs Somebody to Love,5,1980
500Tkm3vJmVtdUwdCVxCTb,Blues Traveler,Four,Run-Around,1,1994-01-01
1FTSo4v6BOZH9QxKc3MbVM,Blur,Blur [Special Edition],Song 2 - 2012 Remaster,2,1997-02-10
760clbeDBWmBsBLbszWuNZ,Bo Diddley,Bo Diddley,I'm A Man,2,1958-01-01
6A9mKXlFRPMPem6ygQSt7z,Bob Marley & The Wailers,Exodus (Deluxe Edition),Three Little Birds,9,1977-01-03
5EOoMWIB9iK4ZpcSex9Ec7,Bob Seger,Stranger In Town,Old Time Rock & Roll,3,1978-05-05
3KzgdYUlqV6TOG7JCmx2Wg,Bobby Darin,That's All,Beyond the Sea,2,1959
0ZfkRyUUYS9Hvl6N5PXPot,Bobby Lewis,Tossin' and Turnin',Tossin' and Turnin',8,1961-09-14
06JokgprGDKrtZ1eP6z2CQ,Bobby Vee,Take Good Care Of My Baby,Take Good Care Of My Baby,1,1962-02-01
4fQMGlCawbTkH9yPPZ49kP,Booker T. & the M.G.'s,Green Onions,Green Onions,1,1962
5oQcOu1omDykbIPSdSQQNJ,Bowling For Soup,A Hangover You Don't Deserve,1985,3,2004
1QEEqeFIZktqIpPI4jSVSF,Boston,Boston,More Than a Feeling,1,1976
6RJK553YhstRzyKA4mug09,The Box Tops,The Letter/Neon Rainbow,The Letter,1,1967
1MaqkdFNIKPdpQGDzme5ss,Boys Like Girls,Love Drunk,Two Is Better Than One (feat. Taylor Swift),4,2009-09-03
3l3xTXsUXeWlkPqzMs7mPD,Boyz II Men,Cooleyhighharmony (Bonus Tracks Version),End Of The Road,17,1991-04-30
52VIdyKqp1pJRSyUQaxKUA,Bread,Baby I'm-a Want You,Everything I Own,4,1972
2EjXfH91m7f8HiJN1yQg97,Brenda Lee,Merry Christmas From Brenda Lee,Rockin' Around The Christmas Tree,1,1964-10-19
1DA7FEKgQeyRPtU44L5DOf,Brett Young,Brett Young (Big Machine Radio Release Special),In Case You Didn't Know,8,2017-02-09
7Jd0MqZq15T4pDWts2G6Yl,Brian Eno,Small Craft On A Milk Sea,Emerald and Stone,13,2010-11-01
5c8ahMgM0oqs8Qdq1HGV20,Brian May,Pavarotti & Friends,Too Much Love Will Kill You,10,1993-01-01
7FwBtcecmlpc1sLySPXeGE,Bruce Springsteen,Born In The U.S.A.,Dancing In the Dark,11,1984-06-04
6cn8gJTXNp796XMUpJ8SYB,Bruce & Terry,The Best of Bruce & Terry,Don't Run Away,5,1998-06-15
0GONea6G2XdnHWjNZd6zt3,Bryan Adams,Reckless (30th Anniversary / Deluxe Edition),Summer Of '69,6,1984-11-05
5XfQTbialQHn9PhDb0p85H,Buckcherry,15,Crazy Bitch,7,2006-04-11
39lnzOIUCSNaQmgBHoz7rt,Buddy Holly,Buddy Holly,Everyday,7,1958
1qRA5BS78u3gME0loMl9AA,Buffalo Springfield,Buffalo Springfield,For What It's Worth,1,1966-12-05
6t1FIJlZWTQfIZhsGjaulM,The Buggles,The Age Of Plastic,Video Killed The Radio Star,2,1980-01-10
25GC50HslaaruyrKjdu0lP,Bullet For My Valentine,Fever,Your Betrayal,1,2010-04-20
7wpYSigAhQeZp3cdsMQ3Af,Bush,Sixteen Stone (Remastered),Glycerine,10,2014-10-14
1ng36571Iyov4HBxUClySn,Butthole Surfers,Electriclarryland,Pepper,3,1996-01-01
5YUJMvTg4AWHKjqQidTsGK,Buzzcocks,Love Bites,Ever Fallen in Love (With Someone You Shouldn't've?) - 1996 Remastered Version,2,1978
5qBqBdfTEIWJwAS0Jm2F5R,The Byrds,Turn! Turn! Turn!,Turn! Turn! Turn! (To Everything There Is a Season),1,1965-12-06
3OOFEF20WqtsUPcRbPY3L7,Cake,Comfort Eagle,Short Skirt / Long Jacket,4,2001-07-23
3Pzh926pXggbMe2ZpXyMV7,Cage The Elephant,Cage The Elephant (Expanded Edition),Ain't No Rest for the Wicked,3,2009-03-24
3mhOmh4tRKsMfnRmgZfeBm,Candlebox,Candlebox,Far Behind,5,1993-07-16
3iltRlox3jEeSKuqdW88EK,Canned Heat,On The Road Again,Going Up The Country,5,1989-01-01
3Qylbx7tZcsP9RggQ6umUh,Carl Perkins,The Dance Album,Blue Suede Shoes,1,1957
2DnJjbjNTV9Nd5NOa1KGba,Carly Simon,No Secrets,You're so Vain,3,1972
12q3V8ShACq2PSWINMc2rC,Carole King,Tapestry,It's Too Late,3,1971
4alHo6RGd0D3OUbTPExTHN,The Cars,The Cars,Just What I Needed,3,1978-06-06
7aQjPecQdIuNd1sz3KCDhD,The Cardigans,First Band On The Moon (Remastered),Lovefool,7,1996-01-01
3wM6RTAnF7IQpMFd7b9ZcL,Carpenters,Now & Then (Reissue),Yesterday Once More,6,1973-05-01
0ZUo4YjG4saFnEJhdWp9Bt,Carrie Underwood,Some Hearts,Before He Cheats,7,2005-11-14
5ykbOijJEfRhuo2Td1m0Qd,Catfish and the Bottlemen,The Ride,7,1,2016-05-27
33LC84JgLvK2KuW43MfaNq,Céline Dion,Let's Talk About Love,"My Heart Will Go On - Love Theme from ""Titanic""",12,1997-10-24
3g0mEQx3NTanacLseoP0Gw,The Chainsmokers,World War Joy,Takeaway,6,2019-12-06
3Wwy5wlxd8CpKMZGc4Mgjf,The Chantays,Pipeline,Pipeline,1,1963
383Xl5QTigwj3QiA3Qc6S7,The Charlie Daniels Band,A Decade Of Hits,The Devil Went Down to Georgia,1,1973
1JkZg3eMQTmTn93E8Yd3UL,Cheap Trick,In Color,I Want You to Want Me,4,1977-09
2goLsvvODILDzeeiT4dAoR,Cher,Believe,Believe,1,1998
1gyee1JuFFiP476LQpRMYU,Chevelle,Wonder What's Next (Expanded Edition),The Red,5,2002
0KMGxYKeUzK9wc5DZCt3HT,Chicago,Chicago X,If You Leave Me Now,4,1976-06-14
0tUELgOuOJ3KCsYMDDsNvD,Chris Cornell,Chris Cornell (Deluxe Edition),Nothing Compares 2 U - Live At SiriusXM/2015,8,2018-11-16
3fqwjXwUGN6vbzIwvyFMhx,Chris Stapleton,Traveller,Tennessee Whiskey,3,2015-05-04
5fnOrhQ4KgT5irGCjIccGH,Christopher Cross,Arthur - The Album [Original Soundtrack],Arthur's Theme (Best That You Can Do),1,1981
1INWPr855fwWdAOeecbu0W,Chubby Checker,It's Pony Time/Let's Twist Again,Let's Twist Again,19,1961-01-01
2QfiRTz5Yc8DdShCxG1tB2,Chuck Berry,Berry Is On Top,Johnny B. Goode,6,1959-07-01
3AgiRs3oxc2dFh0CPUHXJs,Cliff Richard,Together With Cliff Richard,Mistletoe and Wine,4,1991-11-18
39shmbIHICJ2Wxnk1fPSdz,The Clash,Combat Rock (Remastered),Should I Stay or Should I Go - Remastered,3,1982
75JFxkI2RXiU7L9VXzMkle,Coldplay,A Rush of Blood to the Head,The Scientist,4,2002-08-08
0IktbUcnAGrvD03AWnz3Q8,Jason Mraz,We Sing. We Dance. We Steal Things.,Lucky,3,2008-05-12
6emdJW80SbDBMuHci8PJJn,Collective Soul,"Hints, Allegations & Things Left Unsaid",Shine,1,1994-03-22
6vmAgl2y9MpoZKrVUXrPe5,Conway Twitty,Hello Darlin',Hello Darlin',11,1970-03-23
5DiXcVovI0FcY2s0icWWUu,Counting Crows,August And Everything After,Mr. Jones,3,1993-01-01
2IZZqH4K02UIYg5EohpNHF,The Cranberries,No Need To Argue,Zombie,4,1994-10-03
3Xls4cNOwy01dtrNXb1inG,Cream,Wheels Of Fire,White Room,1,1968-07-01
4BP3uh0hFLFRb5cjsgLqDh,Creedence Clearwater Revival,Willy And The Poor Boys,Fortunate Son,6,1969-11-02
4BP3uh0hFLFRb5cjsgLqDh,Creedence Clearwater Revival,Willy And The Poor Boys,Fortunate Son,6,1969-11-02
6qDmJKmYAluYGkRhDBcbrq,Cromagnon,Back to the Caves,Back to the Caves,1,2019-12-31
2hitsKa8SthKhRJBXUHbIv,"Crosby, Stills, Nash & Young",Deja Vu,Our House,7,1970-03-11
6ZxrUCaynLgKSUudACOTwj,Crossfade,Crossfade,Cold,2,2004-04-13
6fIZxVeVNdjeZjX2Q1YAaA,The Cult,Love (Expanded Edition),She Sells Sanctuary (2009 Re-master),9,1985
2wSAWEYUHkt92X4SBAPqZE,Culture Club,Colour By Numbers,Karma Chameleon - Remastered,1,1983-10-01
263aNAQCeFSWipk896byo6,The Cure,Wish,Friday I'm in Love,7,1992-04-21
1oTHteQbmJw15rPxPVXUTv,Cypress Hill,Black Sunday,Insane in the Brain,3,1993-07-20
5t5rCnsgRBtcKqTB7SbD1Q,Damn Yankees,Damn Yankees,High Enough,4,1990
3O4s2m47MFhnGqmpkjoKYk,Dan Fogelberg,Love Songs,Leader of the Band,5,1979
2R5uY1gbIKzGB1yAOH067s,Daughtry,Daughtry (Deluxe Edition),Over You,4,2006
2w8oMeJjXn1KTnU2fr9eFB,The Dave Clark Five,Glad All Over (2019 - Remaster),Glad All Over - 2019 - Remaster,1,1964-07-06
7Jh1bpe76CNTCgdgAdBw4Z,David Bowie,"""Heroes"" (2017 Remastered Version)",Heroes - 2017 Remaster,3,1977
2eG7o3BfbzohiETArwsX1K,Days Of The New,Days Of The New,"Touch, Peel And Stand",2,1997-06-03
3kZC0ZmFWrEHdUCmUqlvgZ,Death Cab for Cutie,Plans,I Will Follow You Into The Dark,5,2005-08-29
4dcXbB7MFoWiqBlDMZDZdv,Future Islands,The Far Field,Shadows,11,2017-04-07
2kkvB3RNRzwjFdGhaUA0tz,Derek & The Dominos,Layla And Other Assorted Love Songs (40th Anniversary / 2010 Remastered),Layla - 40th Anniversary Version / 2010 Remastered,13,1970-11-01
0PdM2a6oIjqepoEfcJo0RO,Def Leppard,Hysteria (Super Deluxe),Pour Some Sugar On Me - Remastered 2017,5,1987-08-03
5SAUIWdZ04OxYfJFDchC7S,Deep Purple,Machine Head,Smoke on the Water,5,1972-03-25
1YwNlWLf8auhazSQUDQLFU,Depeche Mode,Enjoy The Silence (21490),Enjoy the Silence - Single Mix,1,1990
4sscDOZCkbLSlDqcCgUJnX,DEVO,Freedom Of Choice,Whip It,3,1980-05-15
3MrWxJaD2AT0W9DjWF64Vm,Dexys Midnight Runners,Too Rye Ay,Come On Eileen,10,1982-07-22
6CpYgr1lWHTmPHhNzMIQnW,Dick Dale,King of the Surf Guitar,Miserlou,1,2012-10-30
1Nwrzr8H7Q4x3lnCPaf7hX,Dickie Pride,British Beat Before The Beatles 1955-1962,Betty Betty (Go Steady with Me),23,2010-10-04
6cr6UDpkjEaMQ80OjWqEBQ,Dire Straits,Dire Straits,Sultans of Swing,6,1978-10-07
40rvBMQizxkIqnjPdEWY1v,Disturbed,The Sickness,Down with the Sickness,4,2000-02-25
5hviCr3lgg6LY6noG6DPKs,Dixie Chicks,Home,Landslide,2,2002-07-26
76hfruVvmfQbw0eYn1nmeC,DNCE,DNCE,Cake By The Ocean,3,2016-11-18
6o6STE55cbhH4BuM2EJRL9,Galantis,Church,Faith (with Dolly Parton) [feat. Mr. Probz],2,2020-02-07
4gvea7UlDkAvsJBPZAd4oB,Don Henley,Building The Perfect Beast,The Boys Of Summer,1,1984-01-01
3ifaGhNHnCPQ9zdnOfolcZ,Donnie Iris,20th Century Masters: The Millennium Collection: Best of Donnie Iris,Ah! Leah!,1,2001-01-01
7AL6qzIDHIX7pEUWrzNiIs,Donovan,The Hurdy Gurdy Man,Hurdy Gurdy Man,1,1968-10
7Ar4G7Ci11gpt6sfH9Cgz5,The Doobie Brothers,Toulouse Street,Listen to the Music,1,1972
5lkJBF90ibNFochLV5tvYw,Susan Tedeschi,Jazz & Blues Gospel,Magnificent Sanctuary Band,4,2013-10-29
4M0m4FUdc4wD2guhUHogLF,Dr. Hook,Pleasure & Pain,Sharing The Night Together,1,1978
5CPXR6lDTvngxtmMZxnWmC,Dream Theater,Images and Words,Pull Me Under,1,1992-06-30
7CpbhqKUedOIrcvc94p60Y,Drowning Pool,Sinner,Bodies,2,2001-01-01
7jZwak3w1Sbwkb8aqusUwi,Duane Eddy,Twangin' The Golden Hits,Rebel Rouser,1,1965-03-04
3nFZ55F2rLClsVOcfojhzV,Duff McKagan,Tenderness,Tenderness,1,2019-05-31
7odHgoLFi3GQ90E9PeraI3,Dusty Springfield,Dusty In Memphis [Deluxe Edition],Son of a Preacher Man,3,1969-03-31
14XWXWv5FoCbFzLksawpEe,The Doors,L.A. Woman,Riders on the Storm,10,1971-04-19
0wokCRaKD0zPNhMRXAgVsr,Duran Duran,Duran Duran,Ordinary World,2,1993-02-15
7FwBtcecmlpc1sLySPXeGE,Bruce Springsteen,Born In The U.S.A.,Dancing In the Dark,11,1984-06-04
40riOy7x9W7GXjyGp4pjAv,Eagles,Hotel California (2013 Remaster),Hotel California - 2013 Remaster,1,1976-12-08
7Cuk8jsPPoNYQWXK9XRFvG,"Earth, Wind & Fire",September,September,1,2018-04-17
2opuQE3MDx92ujXUPqdFcb,Eddie Bond,Memphis Rockabilly King,Flip flop Mama,5,2007-05-21
3oAWTk92mZBxKBOKf8mR5v,Eddie Cochran,12 Of His Biggest Hits,Summertime Blues,7,1960-05-01
7b4yGtR0rujvLi5EBfKKJ2,Eddie Money,Can't Hold Back,Take Me Home Tonight,1,1986-10-15
4DhbiXEuV7JxSR0wuqetTa,The Edgar Winter Group,They Only Come Out At Night,Free Ride,4,1972-11-30
2RlgNHKcydI9sayD2Df2xp,Electric Light Orchestra,Out of the Blue,Mr. Blue Sky,13,1977
3gdewACMIVMEWVbyb8O9sY,Elton John,Honky Chateau,"Rocket Man (I Think It's Going To Be A Long, Long Time)",5,1972-05-19
44AyOl4qVkzS48vBsbNXaC,Elvis Presley,Blue Hawaii,Can't Help Falling in Love,5,1961-10-20
2BURVLCtzmNylUqMVCLUbg,"Emerson, Lake & Palmer","Emerson, Lake & Palmer (Deluxe Version)",Lucky Man - 2012 Remastered Version,6,1970-11-20
05XNDab0Lhitzqk7tRpOnY,Emmylou Harris,Pieces Of The Sky (Expanded & Remastered),Boulder to Birmingham - Remastered,4,1975
5RZZxDnWYB9NktDovhyQyj,England Dan & John Ford Coley,The Complete Albums 1976-1979,Nights Are Forever Without You,6,2019-05-03
06TuMCjDEYjTOJScCRzmjf,En Vogue,EV3,Don't Let Go (Love),2,1997-06-17
31H6au3jhblhr6MMJiXnCq,Eric Carmen,The Definitive Collection,Hungry Eyes,17,1997
6zC0mpGYwbNTpk9SKwh08f,Eric Clapton,Slowhand 35th Anniversary (Super Deluxe),Wonderful Tonight,2,1977-11-01
3MrRksHupTVEQ7YbA0FsZK,Europe,The Final Countdown (Expanded Edition),The Final Countdown,1,1986
1TfqLAPs4K3s2rJMoCokcS,Eurythmics,Sweet Dreams (Are Made Of This),Sweet Dreams (Are Made of This) - Remastered,6,1983-01-21
0COqiPhxzoWICwFCS4eZcp,Evanescence,Fallen,Bring Me To Life,2,2003-01-01
37EJtTS7jT5WUyXGZzrwnI,Everclear,Sparkle And Fade,Santa Monica,4,1995-01-01
7dblNGnRXEBrVJunazs2U5,The Everly Brothers,The Very Best of The Everly Brothers,All I Have to Do Is Dream,8,1964-08-01
1gVgkQFOKa8Wc1HYsJtPdH,Extreme,Extreme II - Pornograffitti,More Than Words,5,1990-01-01
5qBcafzXycpvGKiKCfTQjd,Fabian Mazur,Arena,Arena,1,2017-09-18
6f3OYG5R630tjwFIHIE7j2,The Fabulous Thunderbirds,The Fabulous Thunderbirds,Scratch My Back,2,1979
4lJ6YVXQ0jUk5ILu0PSrA4,Faces,Ooh La La,Ooh La La,10,1973
3t5C5qQI3wqJasYIKOJEB7,Fairport Convention,Unhalfbricking (Bonus Track Edition),Who Knows Where The Time Goes?,6,1969-07-03
3QHONiXGMGU3z68mQInncF,Diddy,Bad Boy's 10th Anniversary- The Hits,I'll Be Missing You (feat. 112),13,2004-03-09
19P6cJstaoQJHtHW3HOGcg,Tim McGraw,The Rest of Our Life,The Rest of Our Life,1,2017-11-17
4ReyTz0y3TGkX48wO3Llot,Faith No More,The Real Thing,Epic,2,1989
0DfG1ltJnZyq4Tx3ZLL7ZU,Falco,Falco III,Rock Me Amadeus - The Gold Mix,1,1985-02-19
4OsLDuaH0bWR6xM6nj66F8,The Fall of Troy,Doppelganger,F.C.P.R.E.M.I.X.,3,2005
7Feaw9WAEREY0DUOSXJLOM,Martin Garrix,Summer Days (feat. Macklemore & Patrick Stump of Fall Out Boy),Summer Days (feat. Macklemore & Patrick Stump of Fall Out Boy),1,2019-04-25
7IsEXPk6qqt30FfQv4SZMa,Fastball,All The Pain Money Can Buy,The Way,1,1998-01-01
21RDsw7wzUJNl2FbWTgEfJ,Fatboy Slim,The Greatest Hits: Why Try Harder,Praise You - Radio Edit,2,2006-01-01
06PdA0DLgF4BfAeUNZAbFG,Fats Domino,Fats Domino Swings,Blueberry Hill,3,1959-01-01
3Q4WeJmzxuDpzMu9QjQqbM,Fergie,The Dutchess,Big Girls Don't Cry (Personal),10,2006-01-01
4tCtwWceOPWzenK2HAIJSb,Fifth Harmony,7/27 (Deluxe),Work from Home (feat. Ty Dolla $ign),2,2016-05-27
2O2mr2gzBRtKGRiswqRyiN,Filter,Title Of Record,Take a Picture,6,1999-08-24
3TwtrR1yNLY1PMPsrGQpOp,Five For Fighting,America Town,Superman (It's Not Easy),3,2000-09-26
0ofHAoxe9vBkTCp2UQIavz,Fleetwood Mac,Rumours (Super Deluxe),Dreams - 2004 Remaster,2,1977-02-04
2DFRFqWNahKtFD112H2iEZ,The Flaming Lips,Yoshimi Battles The Pink Robots (U.S. Version),Do You Realize??,9,2002-05-13
4s0QpaeB5a3C9cxNGqPXxk,A Flock Of Seagulls,We Are The '80s,I Ran (So Far Away),1,1981
7vX5yphSQ7Drut4moiuIXv,Flogging Molly,Drunken Lullabies,Drunken Lullabies,1,2002-03-19
0pdKRp2sUthTPe7RLWpPqQ,flora cash,You're Somebody Else,You're Somebody Else,1,2018-06-19
1YLJVmuzeM2YSUkCCaTNUB,Florence + The Machine,Lungs (Deluxe Edition),Dog Days Are Over,1,2009
1zN6ynJG4PdR61YWv4PQ3Y,Flyleaf,Flyleaf,All Around Me,7,2006-01-01
4c9WmjVlQMr0s1IjbYO52Z,Foals,Holy Fire,My Number,3,2013-02-11
4MYb7NWLwXNDB7bYs3HeX8,Foghat,Slow Ride / Save Your Loving [For Me] [Digital 45],Slow Ride - 45 Version,1,1975
5UWwZ5lm5PKu6eKsHAGxOk,Foo Fighters,The Colour And The Shape,Everlong,11,1997-05-20
1JLn8RhQzHz3qDqsChcmBl,Foreigner,Agent Provocateur,I Want to Know What Love Is - 1999 Remaster,3,1984-12-12
7w87IxuO7BDcJ3YUqCyMTT,Foster The People,Torches,Pumped Up Kicks,2,2011-05-23
27L8sESb3KR79asDUBu8nW,Fountains Of Wayne,Welcome Interstate Managers,Stacy's Mom,3,2003-01-01
1hQFF33xi8ruavZNyovtUN,Frankie Valli & The Four Seasons,Who Loves You,"December, 1963 (Oh What a Night!)",6,1975
2IBJHglp50a8GxonbKrnPf,Frank Zappa,ZAPPAtite - Frank Zappa's Tastiest Tracks,Bobby Brown Goes Down,7,2016-05-27
2K22nUTdyr48JDwI5t906t,Frankie Goes To Hollywood,Welcome To The Pleasuredome,Relax,3,1984-10-20
1hQFF33xi8ruavZNyovtUN,Frankie Valli & The Four Seasons,Who Loves You,"December, 1963 (Oh What a Night!)",6,1975
6ooluO7DiEhI1zmK94nRCM,Franz Ferdinand,Franz Ferdinand,Take Me Out,3,2004
5fVZC9GiM4e8vu99W0Xf6J,The Fray,How To Save A Life,How to Save a Life,3,2005-09-13
7klPHv3HnXdUY3dSfTccNc,Free Nationals,Free Nationals,Time,8,2019-12-13
26d8YSPkK1T9GTLE2ogIDq,Freddie Mercury,Never Boring,Living On My Own - No More Brothers Radio Mix,8,2019-10-11
74KI6d8jEM2zwOAo3luayU,Fuel,Sunburn,Shimmer,3,1997
7a86XRg84qjasly9f6bPSD,fun.,Some Nights,We Are Young (feat. Janelle Monáe),3,2012-02-21
2liDEMyPVzDDLXKUnyiznA,Funkadelic,Maggot Brain,Can You Get to That,2,1971-07-12
3fNf71Ktya4CYMqGM6eRud,Garbage,Garbage (20th Anniversary Deluxe Edition/Remastered),Stupid Girl,8,1995
63W11KVHDOpSlh3XMQ7qMg,Gary Glitter,The Replacements (Music From The Motion Picture),Rock And Roll Part II,14,2000-01-01
0xpBr84T3FTm9j4D1MdPtk,Genesis,Invisible Touch,Invisible Touch - 2007 Remaster,1,1986-06-09
0HUp7ipIDJvITTqizN6cxJ,Gene Vincent & His Blue Caps,Dance To The Bop,Be-Bop-A-Lula,6,2004-02-07
1mCbjsw8mwvHkeYACOZBoM,Gene Summers,"I Still Hate CD's: Norton Records 45 RPM Singles Collection, Vol. 2",Fancy Dan,2,2009-06-02
4Jn1rVpnfFfpuSBLDTNJv8,Gentle Giant,The Power and the Glory (Mixed by Steven Wilson),Proclamation,1,2014-07-18
0qdQUeKVyevrbKhAo0ibxS,George Harrison,All Things Must Pass (Remastered),My Sweet Lord - 2014 Mix,2,1970-11-27
4jDmJ51x1o9NZB5Nxxc7gY,George Michael,Ladies And Gentlemen... The Best Of George Michael,Careless Whisper,3,1998-11-09
6s0NHplywwr1IjnQpUpWJk,George Thorogood & The Destroyers,BAD TO THE BONE,Bad To The Bone,6,1982-01-01
5tORtBzHUAnNrIw5Ql3kHZ,The Georgia Satellites,Georgia Satellites,Keep Your Hands to Yourself,1,1986-09-16
4o7ZPI2fmEi3piRe0Hrfpy,Gin Blossoms,New Miserable Experience,Hey Jealousy,2,1992-01-01
6SHvqMjPEQqyJaxuEzNcr3,Girls Aloud,What Will The Neighbours Say?,Love Machine,2,2004-01-01
2N5zMZX7YeL1tico8oQxa9,Gnarls Barkley,St. Elsewhere,Crazy,2,2006-05-02
0PXw9NKvolWTo7U9JkNzmc,Glenn Frey,Above The Clouds - The Collection (Deluxe),"The Heat Is On - From ""Beverly Hills Cop"" Soundtrack",1,2018-04-27
44NRdYQw7P0GWuiunRv3hr,Godsmack,Faceless,I Stand Alone,5,2003-04-08
20aASiwfsbiLlaJxLiC0PQ,Golden Earring,Moontan,Radar Love,1,1973-01-01
5kz9GDBTX846OXwqWoyKzF,The Go-Go's,Beauty And The Beat,We Got The Beat,6,1981-01-01
6Qyc6fS4DsZjB2mRW9DsQs,The Goo Goo Dolls,Dizzy up the Girl,Iris,11,1998-09-11
0BRHnOFm6sjxN1i9LJrUDu,Good Charlotte,The Young and The Hopeless,The Anthem,2,2002-10-04
0d28khcov6AiegSCpG5TuT,Gorillaz,Demon Days,Feel Good Inc.,6,2005-05-23
4wCmqSrbyCgxEXROQE6vtV,Gotye,Making Mirrors,Somebody That I Used To Know,3,2011-01-01
1cU34sZG9kF4FYHCoAD0Ib,Grand Funk Railroad,30 Years Of Funk: 1969-1999 The Anthology,Some Kind Of Wonderful - Remastered 1999,3,1999-01-01
7LbfuQVct78YoghmoPtsQ8,Grateful Dead,Workingman's Dead,Casey Jones - 2013 Remaster,8,1970
7pkWZL0kA26s754CwyK0SH,Great White,Twice Shy,Once Bitten Twice Shy,9,1989-01-01
6L89mwZXSOwYl76YXfX13s,Green Day,Dookie,Basket Case,7,1994-02-01
6qsIvR5nOciPp7ci0M3NNj,Warren Haynes,All My Friends: Celebrating The Songs & Voice Of Gregg Allman,Will The Circle Be Unbroken - Live,26,2014-01-01
7aOor99o8NNLZYElOXlBG1,Greta Van Fleet,From The Fires,Highway Tune,5,2017-11-10
3LQPTJEqOfljGBxmpgUnoC,The Guess Who,American Woman,American Woman - Remastered,1,2000-07-10
7snQQk1zcKl8gZ92AnueZW,Guns N' Roses,Appetite For Destruction,Sweet Child O' Mine,9,1987-07-21
0qOnSQQF0yzuPWsXrQ9paz,Gym Class Heroes,The Papercut Chronicles II,Stereo Hearts (feat. Adam Levine),4,2011-11-11
5Gu0PDLN4YJeW75PpBSg9p,Hailee Steinfeld,"Let Me Go (with Alesso, Florida Georgia Line & watt)","Let Me Go (with Alesso, Florida Georgia Line & watt)",1,2017-09-08
3gmEzilP9BzF45wIMvA16l,Halestorm,The Strange Case of... (Deluxe),I Miss the Misery,3,2012-04-09
4o6BgsqLIBViaGVbx5rbRk,Daryl Hall & John Oates,Voices,You Make My Dreams,8,1980
7lidXGPXPYLNThITAOTlkK,Halsey,Manic,You should be sad,4,2020-01-17
0lnxrQAd9ZxbhBBe7d8FO8,Hanson,Middle Of Nowhere,MMMBop,2,1997-01-01
2obblQ6tcePeOEVJV6nEGD,Harry Chapin,Verities & Balderdash,Cat's in the Cradle,1,1974
6MrILERJLA3Jcq0E9poZsp,Harry Nilsson,Nilsson Schmilsson,Without You,6,1971
3jjujdWJ72nww5eGnfs2E7,Harry Styles,Fine Line,Adore You,3,2019-12-13
7cz70nyRXlCJOE85whEkgU,Harvey Danger,Where Have All The Merrymakers Gone?,Flagpole Sitta,2,1997-01-01
73HSIWZlSCfs4tqVkrGv7H,Hawkwind,In Search Of Space,Silver Machine - Original Single Version; Live at the Roundhouse London; 1996 Remaster,8,1971
4KfSdst7rW39C0sfhArdrz,Heart,Little Queen,Barracuda,1,1977-05-14
3z6m2FukK7Vd5xYrjOLDLR,Herman's Hermits,Herman's Hermits Retrospective,I'm Into Something Good,1,1966-01-01
6xxXrNJnnsQNLdgNk8S4y8,The Hives,Veni Vidi Vicious,Hate To Say I Told You So,6,2000
2V4Bc2I962j7acQj1N0PiQ,Hole,Celebrity Skin,Celebrity Skin,1,1998-01-01
5UwbnHhjnbinJH8TefuQfN,The Hollies,Distant Light [1999 - Remaster] (1999 Remastered Version),Long Cool Woman (In a Black Dress) - 1999 Remaster,7,1971-10-08
1OFKUn2VLafrHj7ybnap0Q,Hootie & The Blowfish,Cracked Rear View,Only Wanna Be with You,4,1994-07-01
3TZwjdclvWt7iPJUnMpgcs,House Of Pain,House of Pain (Fine Malt Lyrics),Jump Around,2,1992-07-21
2olVm1lHicpveMAo4AUDRB,Huey Lewis & The News,Greatest Hits: Huey Lewis And The News,The Power Of Love,3,2006-01-01
3L7RtEcu1Hw3OXrpnthngx,The Human League,Dare!,Don't You Want Me,10,1981
3KG03fcha5gJBLyze9919W,Humble Pie,Smokin',30 Days In The Hole,6,1972-01-01
15BQ7vEDv2LJuh8TxWIhtd,Iggy Pop,Lust For Life,The Passenger,4,1977-08-29
0pqnGHJpmpxLKifKRmU6WP,Imagine Dragons,Evolve,Believer,4,2017-06-23
7nnWIPM5hwE3DaUBkvOIpy,Incubus,Make Yourself,Drive,8,1999-10-26
5eU8qMd0TpaLqTGDZJaLDs,INXS,Kick,Need You Tonight,4,1987
41TqRBgF4Ahyr4vGmZVk8b,Iron Butterfly,Light and Heavy/The Best of...,In-A-Gadda-Da-Vida - Single Version,6,1993
1Ab3hhOw1TJWDgO10vlxNZ,Iron Maiden,Piece of Mind (2015 - Remaster),The Trooper - 2015 Remaster,5,1983-05-16
5c33j1xFVOL4G24zxYhssB,The Isley Brothers,This Old Heart Of Mine,This Old Heart Of Mine (Is Weak For You),3,1966
1covOzgqUCpWfsae6mbgqK,Izzy Stradlin,On Down the Road,sweet caress,4,2002-01-01
1ynmMEK1fkyiZ6Z6F3ThEt,The J. Geils Band,Freeze Frame,Centerfold,3,1981
1ynmMEK1fkyiZ6Z6F3ThEt,The J. Geils Band,Freeze Frame,Centerfold,3,1981
5ec60jot43VDKVDSyXGwaT,Jack Black,Hanukkah+,Oh Hanukkah,1,2019-11-22
3XToK0X499i9odkrDCG4FL,Jack Scott,Capitol Collectors Series,What in the World's Come Over You - Remastered 1990,1,2011-01-01
3T76zPJz3tWL27FrjJe2ot,Jack White,Lazaretto,Lazaretto,2,2014-06-06
5qyq1H5OPMlfuvZQ1wQNo7,Jackie Wilson,Higher And Higher,(Your Love Keeps Lifting Me) Higher & Higher,1,1967
3QcuZo6WLcFkqqLmDs0d95,Jackson Browne,Jackson Browne (Saturate Before Using),Doctor My Eyes,4,1972
6unbEwIdaDWpBCd7k7R6bI,The Samuel Jackson Five,Easily Misunderstood,Skinflick Dress Rehearsal,1,2005-12-01
4cZ3UsiKd1kUQIaq4BFIj2,Jack & Jack,A Good Friend Is Nice,No One Compares To You,1,2019-01-25
31JID2STTlLuFqXFWHyM8e,Jake Owen,Greetings From...Jake,Homemade,6,2019-03-29
0gdmDP6xy3ZV7JNoHWAN9k,The Jam,The Gift,Town Called Malice,10,1982-03-12
3LcYYV9ozePfgYYmXv0P3r,James Taylor,Sweet Baby James,Fire and Rain,7,1970
1Oewmmr12xuhgzvUJ9Q0cf,Jan & Dean,Surf City And Other Swingin' Cities,Surf City,1,2010-01-01
5j9PFsp0AceyYNc9lkmC42,Jana Kramer,Good Enough - Single,Good Enough,1,2019-08-23
7c1Dar0pIAW7w5TzaGjt9t,Jane's Addiction,Nothing's Shocking,Jane Says,9,1988-08-23
1GrikfH0jDejDvrxo84n4P,Janet Jackson,The Velvet Rope,Together Again,11,1997-10-07
4zoQ3EqopTIGmK2c2rPV5t,Jeff Beck,Blow By Blow,Cause We've Ended as Lovers,6,1975-03-29
4zoQ3EqopTIGmK2c2rPV5t,Jeff Beck,Blow By Blow,Cause We've Ended as Lovers,6,1975-03-29
3pRaLNL3b8x5uBOcsgvdqM,Jeff Buckley,Grace,Hallelujah,6,1994
4vpeKl0vMGdAXpZiQB2Dtd,Jefferson Airplane,Surrealistic Pillow,White Rabbit,10,1967
2RNd6VgxG19db0zs0M1C4Z,Jefferson Starship,Freedom At Point Zero,Jane,1,1979-11-01
4XoYeolVYTiddO9wZLXLgl,Jerry Garcia,Garcia,Sugaree,3,1972-01-20
5UvE5QlINnvEc7aFO14DVL,Jerry Lee Lewis,The Golden Rock Hits Of Jerry Lee Lewis,Great Balls Of Fire,3,1964-05-13
5UuikgHTxSRFRnC0zXx10i,Jethro Tull,Aqualung (Special Edition),Aqualung,1,1971-03-19
5oHHMDcVOmPSFrCgdbHPdb,Alan Jackson,34 Number Ones,It's Five O'Clock Somewhere,33,2010-11-19
6GG73Jik4jUlQCkKg9JuGO,Jimmy Eat World,Bleed American,The Middle,3,2001-07-17
2aoo2jlRnM3A0NyLQqMN2f,Jimi Hendrix,Electric Ladyland,All Along the Watchtower,15,1968-10-25
2aoo2jlRnM3A0NyLQqMN2f,Jimi Hendrix,Electric Ladyland,All Along the Watchtower,15,1968-10-25
2Im6bpRBekb6Pdm4xoM5WX,Jimmy Page,Outrider,Prison Blues,8,1988-01-01
4O0sGJdqpHMaWz7KoVd7tb,Joan Baez,Diamonds & Rust,Diamonds And Rust,1,1975-04-01
2Cdvbe2G4hZsnhNMKyGrie,Joan Jett & The Blackhearts,I Love Rock 'N' Roll (Expanded Edition),I Love Rock 'N Roll,1,1981-11-18
0YZ3J8xzGwLOg4yEgST1YK,Joe Cocker,With A Little Help From My Friends,With A Little Help From My Friends,9,1969-05-01
2wvMC5EyaaYQwBfiwwY2xE,Joe Walsh,"But Seriously, Folks...",Life's Been Good,8,1978-06-01
1sUTfgduT0WIQO8kXKXxLC,Jon Bon Jovi,Blaze Of Glory,"Blaze Of Glory - From ""Young Guns II"" Soundtrack",3,1990-01-01
3gA8TGUUsfDJnG1q8BxKYV,John Deacon,Another Time Another Place,Hey Kenny,1,2004-01-01
39q7xibBdRboeMKUbZEB6g,John Denver,"The John Denver Collection, Vol 1: Take Me Home Country Roads","Take Me Home, Country Roads",1,1997-06-17
2iRfjwzPsooCskZrrlsgcC,John Fogerty,Centerfield - 25th Anniversary,Centerfield,7,2010-06-29
7pKfPomDEeI4TPT6EOYjn9,John Lennon,Imagine,Imagine - Remastered,1,1971-09-09
3bH4HzoZZFq8UpZmI2AMgV,John Mayer,New Light,New Light,1,2018-05-10
1yKah8BCP3Vgq2tPBOLKL0,John Mayall & The Bluesbreakers,Bluesbreakers,All Your Love - Stereo,13,1966-06-22
1yKah8BCP3Vgq2tPBOLKL0,John Mayall & The Bluesbreakers,Bluesbreakers,All Your Love - Stereo,13,1966-06-22
5NOITvzXKvrqsRqJz5FgIJ,Johnny Burnette,Johnny Burnette,You're Sixteen,1,1961-04-14
28cnXtME493VX9NOw9cIUh,Johnny Cash,American IV: The Man Comes Around,Hurt,2,2002-01-01
2soxUQx6rPfOk0kHNePbhq,Johnny Thunders,So Alone,You Can't Put Your Arms Round a Memory,2,1978
79l5JbcB7MVcjmYlvgq9KQ,JoJo Siwa,Boomerang,Boomerang,1,2016-05-06
4wNIkl5XGiAACjFBlDWuSd,Jonas Brothers,What A Man Gotta Do,What A Man Gotta Do,1,2020-01-17
6UkMcAA19lTdjs22jtB7o2,Joni Mitchell,Ladies Of The Canyon,Big Yellow Taxi,10,1970-03-01
4bHsxqR3GMrXTxEPLuK5ue,Journey,Escape,Don't Stop Believin',1,1981
1r8oPEXqnhUVgkUkJNqEuF,Joy Division,Substance,Love Will Tear Us Apart - 2010 Remaster,10,2010
2RaA6kIcvomt77qlIgGhCT,Judas Priest,British Steel,Breaking the Law,3,1980
2SPU97neddixGZ3wCMLAwx,Julian Lennon,Valotte,Too Late For Goodbyes,6,1984-01-01
41L3O37CECZt3N7ziG2z7l,Justin Bieber,Yummy,Yummy,1,2020-01-03
1WkMMavIMc4JZ8cfMmxHkI,Justin Timberlake,TROLLS (Original Motion Picture Soundtrack),"CAN'T STOP THE FEELING! (Original Song from DreamWorks Animation's ""TROLLS"")",2,2016-09-23
0VhhaYztcRWc7PEjJCjr1g,Kaiser Chiefs,"Yours Truly, Angry Mob (Deluxe)",Ruby,1,2007-02-26
0y1QJc3SJVPKJ1OvFmFqe6,KALEO,A/B,Way Down We Go,2,2016-06-10
6zeE5tKyr8Nu882DQhhSQI,Kansas,Point Of Know Return,Dust in the Wind,7,1977
2QpGZOhTCHHiKmpSO9FW4h,Kanye West,JESUS IS KING,Follow God,3,2019-10-25
34x6hEJgGAOQvmlMql5Ige,Kenny Loggins,"Yesterday, Today, Tomorrow - The Greatest Hits Of Kenny Loggins","Danger Zone - From ""Top Gun"" Original Soundtrack",5,1997-03-25
5KqldkCunQ2rWxruMEtGh0,Kenny Rogers,The Gambler,The Gambler,1,1978-01-01
1HOMkjp0nHMaTnfAkslCQj,The Knack,Get The Knack,My Sharona,7,1979-01-01
5rX6C5QVvvZB7XckETNych,Kid Rock,Rock N Roll Jesus,All Summer Long,3,2007-10-09
7oK9VyNzrYvRFo7nQEYkWN,The Killers,Hot Fuss,Mr. Brightside,2,2004-06-15
0odIT9B9BvOCnXfS0e4lB5,Kim Carnes,Mistaken Identity,Bette Davis Eyes,1,1981-01-01
0ntQJM78wzOLVeCUAW7Y45,Kings of Leon,Only By The Night,Sex on Fire,3,2008-09-23
0iA3xXSkSCiJywKyo1UKjQ,The Kingsmen,The Best of The Kingsmen,Louie Louie,1,2006-01-31
29SyMC0plk6qw8NMF7lfRL,The Kinks,Kinks,You Really Got Me - Mono Mix,7,1964-10-02
07q0QVgO56EorrSGHC48y3,KISS,Dynasty,I Was Made For Lovin' You,1,1979-03-23
6W21LNLz9Sw7sUSNWMSHRu,Korn,Follow The Leader,Freak On a Leash,2,1998-08-18
7jWbXvrgdbkajU8L28ahn5,The Highwaymen,Highwayman,Highwayman,1,1985-05-01
3z5ggGtcs4t8pizW521gW9,L7,Bricks Are Heavy,Pretend We're Dead,3,1992
0qkdE1C0ufnUISKwhg8Wh6,Lady Antebellum,Ocean,What If I Never Get Over You,1,2019-11-15
2VxeLyX666F8uXCJ0dZF8B,Lady Gaga,A Star Is Born Soundtrack,Shallow,12,2018-10-05
2oV3mzorzJTZa3gmp8vAJl,Laura Nyro,Time And Love: The Essential Masters,Stoned Soul Picnic,9,1967
6Up545NUflOiXo8cEraH49,Lauren Daigle,Look Up Child,You Say,5,2018-09-07
5CQ30WqJwcep0pYcV4AMNc,Led Zeppelin,Led Zeppelin IV (Deluxe Edition),Stairway to Heaven - Remaster,4,1971-11-08
45Ia1U4KtIjAPPU7Wv1Sea,Lenny Kravitz,Are You Gonna Go My Way,Are You Gonna Go My Way,1,1993-03-09
24LAeSVSHgnbvSsmgjBqZW,Liam Payne,LP1,Stack It Up (feat. A Boogie Wit da Hoodie),1,2019-12-06
0815caqt2Lytro5EIzMufT,Lifehouse,Lifehouse,You And Me,2,2005-03-22
3IV4swNduIRunHREK80owz,Limp Bizkit,Chocolate Starfish And The Hot Dog Flavored Water,Rollin' (Air Raid Vehicle),6,2000-10-17
3zxklD2EGecZre9MjEEvIU,Linda Ronstadt,Simple Dreams,Blue Bayou,6,1977
3KnjerEPMolLapVo2wdgz6,Lindsay Lohan,Speak,Rumors,12,2004-01-01
3bEECCaIejir3Amq4iTpCg,Link Wray,Link Wray,Fire And Brimstone,6,1971-01-01
60a0Rd6pjrkxjPbaKzXjfq,Linkin Park,Hybrid Theory (Bonus Edition),In the End,8,2000-10-24
43thLwzSasUUZEYjYPeJh3,Lita Ford,Lita,Close My Eyes Forever,9,1988-01-02
4drTFbY9KJIvllrqVcJvLi,Little Big Town,Nightfall,Next To You,1,2020-01-17
0jMyU6bO52IYhAEoWbT4K9,Little Feat,Sailin' Shoes,Willin',5,1972-01-01
2iXcvnD3d1gfLBum0cE5Eg,Little Richard,Here's Little Richard (Deluxe Edition),Tutti Frutti,1,2017-11-03
5e3YOg6fIkP0wD5TyxcHOH,Living Colour,Vivid (Expanded Edition),Cult of Personality,1,1988
07Oz5StQ7GRoygNLaXs2pd,Lizzo,Good as Hell (feat. Ariana Grande) [Remix],Good as Hell (feat. Ariana Grande) - Remix,1,2019-10-25
0ju1jP0cSPJ8tmojYBEI89,Loggins & Messina,The Best: Loggins & Messina Sittin' In Again,Danny's Song,9,1971
6qc34bnVOyqGDPni8H5W0U,Lonestar,Lonely Grill,Amazed,3,1999
2BY7ALEWdloFHgQZG6VMLA,Looking Glass,Looking Glass,Brandy (You're a Fine Girl),2,1972
02sENi9ULQ36x9mKo5B7XW,Conway Twitty,"Louisiana Woman, Mississippi Man","Louisiana Woman, Mississippi Man",1,1973-01-01
5p3JunprHCxClJjOmcLV8G,Lou Reed,Transformer,Walk On the Wild Side,5,1972-12-01
00Z0GIRi0l7WqQnQJCo5S2,Louis Tomlinson,Don't Let It Break Your Heart,Don't Let It Break Your Heart - Single Edit,1,2019-11-23
35k31HZI4z9PbBOioaI4dZ,Loverboy,Get Lucky,Working for the Weekend,1,1981
4L2K7JKseFCBoHMZEAszW0,Labrinth,Jealous,Jealous,1,2014-11-21
1udKn1oNKYQSQ9OmiIWCMu,The Lovin' Spoonful,Do you Believe In Magic,Do You Believe in Magic?,1,1965-11
6IvOCyrwW7VuCjQFCD7h7r,Lucy Hale,A Cinderella Story: Once Upon A Song (Original Motion Picture Soundtrack),Make You Believe,3,2011-09-06
3bMNprrp2JDKZsGbiXpsJl,Ludacris,Battle Of The Sexes (Deluxe),My Chick Bad,3,2010-01-01
3d8y0t70g7hw2FOWl9Z4Fm,The Lumineers,Cleopatra,Ophelia,2,2016-04-08
2EFmaS0hseF13XMk8ZdfK3,Lush Rain Creators,Rain,Summer Rain 2,12,2017-05-05
7kNNylJ1kswWbHeRM6UDuE,Manfred Mann's Earth Band,The Roaring Silence,Blinded By The Light,1,1976
09IStsImFySgyp0pIQdqAc,Zedd,The Middle,The Middle,1,2018-01-23
61X077SWMs5aAGQHhf4pd0,Billie Eilish,Bellyache (Marian Hill Remix),Bellyache - Marian Hill Remix,1,2017-05-05
7hoWkhuHv9b3jiCbxX1kMm,Marianne Faithfull,Rich Kid Blues,It's All Over Now Baby Blue,4,1985
2b8fOow8UzyDFAE27YhOZM,Maroon 5,Memories,Memories,1,2019-09-20
4AlgqXQ5QA5bsNa6Nmchz7,The Marshall Tucker Band,Keeping The Love Alive,Can't You See,1,1997-01-01
4817x5vTdyiguUlzk5NAoO,Marty Wilde,Marty: A Lifetime In Music 1957-2019,A Teenager In Love,15,2019-06-07
6jX5mso4x00c1EiNMrTU9U,The Marvelettes,Please Mr. Postman,Please Mr. Postman,3,1961
2aIB1CdRRG7YLBu9hNw9nR,Marilyn Manson,Antichrist Superstar,The Beautiful People,2,1996
2KVwlelhxKUy8LVV6JypH3,Matchbox Twenty,Yourself Or Someone Like You,Push,4,1996-10-01
391CwgcBxvUHmEKda2b5In,Meat Loaf,Bat Out Of Hell II: Back Into Hell,I'd Do Anything For Love (But I Won't Do That) - Single Edit,2,1993
51TG9W3y9qyO8BY5RXKgnZ,Megadeth,Countdown To Extinction,Symphony Of Destruction,2,1992-07-14
0lVYRIVjK77Z6uG2GgM8Kl,MercyMe,Almost There,I Can Only Imagine,5,2001
10igKaIKsSB6ZnWxPxPvKO,Metallica,Metallica,Nothing Else Matters,8,1991-08-12
3ZZq9396zv8pcn5GYVhxUi,Men At Work,Business As Usual,Down Under,3,1981-11-09
1cLfXnBwTFuRngRZfQeLof,MC5,Kick Out The Jams (Live),Kick Out the Jams,2,1969
5ChkMS8OtdzJeqyybCc9R5,Michael Jackson,Thriller 25 Super Deluxe Edition,Billie Jean,6,1982-11-30
3j84U36KvLeXNDPv4t5pI8,Mustard,Perfect Ten,Pure Water (with Migos),2,2019-06-28
1ru5R5iSawvuMELqKXxLjS,The Mighty Mighty Bosstones,Let's Face It,The Impression That I Get,4,1997-01-01
3UlWhHUTCSw2LvnQkmDEs8,Mike & The Mechanics,Beggar On A Beach of Gold,Over My Shoulder,5,1995-03-06
1MtUq6Wp1eQ8PC6BbPCj8P,Mike Posner,"At Night, Alone.",I Took A Pill In Ibiza - Seeb Remix,13,2016-05-06
5sTilpexj30JntuoFpTyxJ,Mike Sanchez,Women & Cadillacs,Women and Cadillacs,8,2003
0kPeZAyIhIfeZNrtfjJGDB,Miranda Lambert,Wildcard,Bluebird,8,2019-11-01
3G7tRC24Uh09Hmp1KZ7LQ2,The Monkees,More of The Monkees (Deluxe Edition),I'm a Believer - 2006 Remaster,12,1967-01-09
4D8uIY6Wzj7dJDaw0dW0UF,Montgomery Gentry,You Do Your Thing,Something to Be Proud Of,1,2004-05-18
6mpAOrpdrq5mJTGo8nrvSO,Montrose,Montrose,Rock Candy,6,1973
6L5BZEcZmD6RBJnimzlyKr,The Moody Blues,Days Of Future Passed (Deluxe Version),Nights In White Satin - Single Version / Mono Mix,16,1967-11-10
2j25bv2cpByJLaNZRKEBwR,Frank Zappa,Freak Out!,Trouble Every Day,12,1966-06-27
7GonnnalI2s19OCQO1J7Tf,Mötley Crüe,Dr. Feelgood,Kickstart My Heart,5,1989
6EPRKhUOdiFSQwGBRBbvsZ,Motörhead,Ace of Spades (Expanded Edition),Ace of Spades,1,1980-11-08
0WNGPpmWqzPnk0psUhJ3SX,Mott The Hoople,All The Young Dudes (Expanded Edition),All the Young Dudes,3,1972
4vO9dmzNRqDhFY3jD1a3P7,Mountain,Climbing!,Mississippi Queen,1,1970
5iDmsAvKVxhk6GDw3OGrj6,Mudhoney,Superfuzz Bigmuff: Deluxe Edition,Touch Me I'm Sick,1,2008-05-20
0hm8rgOY17z7kQJlqGKbu7,Mumford & Sons,Babel (Deluxe Version),I Will Wait,3,2012-09-25
4VqPOruhp5EdPBeR92t6lQ,Muse,The Resistance,Uprising,1,2009-09-10
5wQnmLuC1W7ATsArWACrgW,My Chemical Romance,The Black Parade,Welcome to the Black Parade,5,2006-10-23
4feXcsElKIVsGwkbnTHAfV,Frank Sinatra,The World We Knew,Somethin' Stupid,2,1967-08
0PDCewmZCp0P5s00bptcdd,Natalie Cole,Inseparable,This Will Be (An Everlasting Love),5,1975-01-01
1VPUpUwtbpoRVXt0txVU0w,Nathaniel Rateliff & The Night Sweats,Nathaniel Rateliff & The Night Sweats,S.O.B.,5,2015-08-21
1i5oEx2vFczQ2sCY3c6Kn5,Nazareth,Hair Of The Dog,Love Hurts,3,1975-01-01
4PpuH4mxL0rD35mOWaLoKS,N.E.R.D,NO ONE EVER REALLY DIES,Lemon,1,2017-12-15
6vOV8fmbk16LYgL2CQ64ih,New Riders of the Purple Sage,The Adventures Of Panama Red,Lonesome L.A. Cowboy,3,1973
1RSy7B2vfPi84N80QJ6frX,New Order,Singles (Remastered),Blue Monday - 2016 Remaster,5,2005-12-06
0eI19vR5WZ12fuYcEFUVkw,Newsboys,God's Not Dead,God's Not Dead (Like A Lion),2,2011-01-01
6brl7bwOHmGFkNw3MBqssT,Ne-Yo,In My Own Words,So Sick,3,2006-01-01
3cphb8kdsjElYR7r5icK3H,Niall Horan,Nice To Meet Ya,Nice To Meet Ya,1,2019-10-04
0gmbgwZ8iqyMPmXefof8Yf,Nickelback,Silver Side Up,How You Remind Me,2,2001-09-11
57trQKFZdJxHia4sMJioWk,Night Ranger,Midnight Madness,Sister Christian,4,1983-01-01
2oDqmfa2g8W893LlwJG1qu,Nine Inch Nails,The Downward Spiral,Closer,5,1994-01-01
5ghIJDpPoe3CfHMGu71E6T,Nirvana,Nevermind (Remastered),Smells Like Teen Spirit,1,1991-09-26
7lJbTVbDEMa3w7NFamrwdq,Nitty Gritty Dirt Band,Hold On,Fishin' in the Dark,1,1987-04-01
6urCAbunOQI4bLhmGpX7iS,No Doubt,Tragic Kingdom,Don't Speak,10,1995-10-10
4yZYolqyUgoGxSCoKZuYjN,Norah Jones,Come Away With Me (Deluxe Edition),Don't Know Why,1,2002-02-22
0jvN7eQJJt4nxQzgQfZ1SP,Norman Greenbaum,Spirit In The Sky,Spirit In The Sky,2,1969-01-01
5ByAIlEEnxYdvpnezg7HTX,The Notorious B.I.G.,Ready to Die (The Remaster),Juicy - 2005 Remaster,10,1994-09-13
5wj4E6IsrVtn8IBJQOd0Cl,Oasis,(What's The Story) Morning Glory? (Deluxe Edition) [Remastered],Wonderwall - Remastered,3,1995-10-02
2ihCaVdNZmnHZWt0fvAM7B,Of Monsters and Men,My Head Is An Animal,Little Talks,6,2012-01-01
6TfBA04WJ3X1d1wXhaCFVT,The Offspring,"Rise And Fall, Rage And Grace","You're Gonna Go Far, Kid",3,2008-06-17
4nVBt6MZDDP6tRVdQTgxJg,One Direction,Midnight Memories (Deluxe),Story of My Life,2,2013-11-25
5267gVdYWrLoz6ClOhlqmE,Orgy,Candyass,Blue Monday,7,1998-08-18
0lGEWOZvMexZFXckBJxlVO,Os Mutantes,"""Os Mutantes""",A Minha Menina,2,1968-01-01
2yLGNMqELHRUst4IAOyF95,The Osmonds,Love Me For A Reason,Having A Party,1,1974-11-02
3zBhihYUHBmGd2bcQIobrF,Otis Redding,The Dock of the Bay (Mono),(Sittin' On) the Dock of the Bay,1,1968
4oDZ5L8izBals6jKBJDBcX,The Outfield,Play Deep,Your Love,2,1985-06-29
2sXtpY9mCTXnUTUSQqrXbX,The Outlaws,The Outlaws,Green Grass & High Tides,10,1975
2PpruBYCo4H7WOBJ7Q2EwM,OutKast,Speakerboxxx/The Love Below,Hey Ya!,9,2003
1R9EHsvzpXwOvlGkgDmE55,The Ozark Mountain Daredevils,It'll Shine When It Shines,Jackie Blue,3,1974
2b9lp5A6CqSzwOrBfAFhof,Ozzy Osbourne,Blizzard of Ozz (Expanded Edition),Crazy Train,2,1980-09-20
7fcfNW0XxTWlwVlftzfDOR,Pantera,Vulgar Display of Power,Walk,3,1992-02-21
0w5Bdu51Ka25Pf3hojsKHh,Paramore,After Laughter,Hard Times,1,2017-05-12
4XRkQloZFcRrCONN7ZQ49Y,Parliament,Mothership Connection,Give Up The Funk (Tear The Roof Off The Sucker),6,1975-12-15
3VXRhmrh1PPy513WVGwxkO,George Clinton,Live At Montreux 2004,Not Just Knee Deep - Live,7,2005-01-01
0vOkmmJEtjuFZDzrQSFzEE,Pat Benatar,Crimes Of Passion,Hit Me With Your Best Shot,4,1980-08-05
3zpj9dvJABiyMrmLCPw6i8,Patsy Cline,Showcase,Crazy - Single Version,7,1961-11-27
77XlfkvXtMwppbEU5sku97,Patti Smith,Easter,Because the Night,3,1978-03-03
78TTtXnFQPzwqlbtbwqN0y,Rihanna,FourFiveSeconds,FourFiveSeconds,1,2015-01-24
2UOijRbR9Ym6gnegBqzpzu,Paul Revere & The Raiders,The Spirit of '67,Good Thing,1,1966-11-28
0qxYx4F3vm1AOnfux6dDxP,Paul Simon,Graceland (25th Anniversary Deluxe Edition),You Can Call Me Al,6,1986-08-12
5MDQNJ7SZTytJwCbWKqJDL,Paula Cole,This Fire,I Don't Want to Wait,11,1996
1L94M3KIu7QluZe63g64rv,Pearl Jam,Ten,Alive,3,1991-08-27
0w7k5XRBGgGHfZtxj2QsOE,Peggy Sue,Motorcade,Motorcade,1,2019-10-15
0otlwsD3mSogk7VJCTp6Kg,Pete Townshend,Empty Glass,Let My Love Open The Door,4,1980-04-21
1A0j6qANKHgk7VZ6uvYO06,Peter And Gordon,The Ultimate Peter And Gordon,A World Without Love,1,2001-02-04
6BD1X1PeV5UzYUdiVaD2yL,Peter Frampton,Frampton,Show Me The Way,2,1975-01-01
1CM1wOqD2AIjt2MWd31LV2,Peter Gabriel,Peter Gabriel 1: Car (Remastered Version),Solsbury Hill,2,1977-02-25
4YwbSZaYeYja8Umyt222Qf,Phil Collins,"Hello, I Must Be Going! (Deluxe Edition)",You Can't Hurry Love - 2016 Remaster,5,1982-11-05
5LYJ631w9ps5h9tdvac7yP,Philip Bailey,Chinese Wall (Expanded Edition),Easy Lover,6,1984-10-01
79rIVB1fcJPoAj7zo070k9,The Picks,Buddy,Everyday,1,2012-08-21
4gMgiXfqyzZLMhsksGmbQV,Pink Floyd,The Wall,"Another Brick in the Wall, Pt. 2",5,1979-11-30
4gMgiXfqyzZLMhsksGmbQV,Pink Floyd,The Wall,"Another Brick in the Wall, Pt. 2",5,1979-11-30
6mcxQ1Y3uQRU0IHsvdNLH1,Pixies,Surfer Rosa (Remastered),Where Is My Mind?,7,1988
3zJw3rugfpVrmBeDDnUYzy,John Lennon,Power To The People - The Hits,Happy Xmas (War Is Over) - Remastered,14,2010-10-04
4l6uTQ4A2eWZrOzjgm1bey,Poco,Legend,Crazy Love,7,1978-01-01
43GS3mtezoIFiuIZCLLiDY,Poison,Open Up And Say...Ahh! (20th Anniversary Edition),Every Rose Has Its Thorn - Remastered 2003,8,1988-03-21
1JSTJqkT5qHq8MDJnJbRE1,The Police,Synchronicity (Remastered 2003),Every Breath You Take,7,1983-06-17
5kcQEPksJHTOLQ4In5oGN2,Porno for Pyros,Porno For Pyros,Pets,6,1993-04-23
6QgjcU0zLnzq5OrUoSZ3OK,Portugal. The Man,Woodstock,Feel It Still,4,2017-06-16
6aF5JtQSrh7wNrkDE9B0My,Powerman 5000,Tonight The Stars Revolt,When Worlds Collide,3,1999-01-01
2JdzB67NvIa90K4gEZPLeX,The Presidents Of The United States Of America,The Presidents of The United States of America: Ten Year Super Bonus Special Anniversary Edition,Lump,3,1995
0SDXfgqRSPrY6QRn9wU9C4,The Pretenders,A Very Special Christmas,Have Yourself A Merry Little Christmas,5,1987-10-20
11Wda6v2dXnklOQYnJANjs,The Pretty Things,Parachute,She's a Lover,11,1999-01-01
5oPUBUzrAnwvlmMzl1VW7Y,The Prodigy,The Fat of the Land - Expanded Edition,Breathe,2,1997
54X78diSLoUDI3joC2bjMz,Prince,Purple Rain,Purple Rain,9,1984-06-25
78ZqE2tjAxbqEGGlvGnQfT,Procol Harum,Hits'n'Flips,A Whiter Shade of Pale - Original Single Version,1,2019-05-03
16DhvbuyvJob4Q9GHNYu2n,Puddle Of Mudd,Come Clean,She Hates Me,6,2001-08-28
34FWzxRaGdAZyGQz0krlHF,Pure Prairie League,Bustin Out,Amie - Remastered 1988,6,1972
1gy0aDwEfp8E81oM0c4b5U,Q5,Steel the Light,Steel the Light,3,1984-01-01
7tFiyTwD0nx5a1eklYtX2J,Queen,A Night At The Opera (Deluxe Remastered Version),Bohemian Rhapsody - 2011 Mix,11,1975-11-21
3pMsqOoZTtzUiZXmDVtrCD,Elijah Kelley,Hairspray (Original Motion Picture Soundtrack) [Collector's Edition],You Can't Stop The Beat,16,2007-07-10
6NvRxjfYkkT2SpirAlmsjH,Queens of the Stone Age,Songs For The Deaf,No One Knows,3,2002
6OSyCAmXT4Gkd3OQ2aPOaF,Queensrÿche,Empire - 20th Anniversary Edition,Silent Lucidity - Remastered/2003,8,1990
7zvMaTcCspbRMahT4DcjQG,The Quarrymen,Anthology 1,In Spite Of All The Danger - Anthology 1 Version,4,1995-11-20
3vV3cr2TpPqFk07zxYUbla,Quiet Riot,Metal Health,Cum on Feel the Noize,2,1983
6b2oQwSGFkzsMtQruIWm2p,Radiohead,Pablo Honey,Creep,2,1993-02-22
59WN2psjkt1tyaxjspN8fp,Rage Against The Machine,Rage Against The Machine - XX (20th Anniversary Special Edition),Killing In The Name,2,1992
5itOtNx0WxtJmi1TQ3RuRd,Calvin Harris,Giant (with Rag'n'Bone Man),Giant (with Rag'n'Bone Man),1,2019-01-11
0HsGh7cboYz6cVMIyFrQ8j,Rainbow Kitten Surprise,Seven + Mary,Devil Like Me,6,2013-11-19
6kooDsorCpWVMGc994XjWN,Ram Jam,Ram Jam,Black Betty,1,1977-06-20
4KcH1ZRV2W1q7Flq0QqC76,Ramones,Ramones (40th Anniversary Deluxe Edition; 2016 Remaster),Blitzkrieg Bop - 2016 Remaster,1,1976-04-23
2bPGTMB5sFfFYQ2YvSmup0,Rammstein,RAMMSTEIN,DEUTSCHLAND,1,2019-05-17
3QwbKe0s8TcNclzXAXHeHy,The Rascals,Time Peace: The Rascals' Greatest Hits,A Beautiful Morning - Single Version,14,1990-07-23
2Fs18NaCDuluPG1DHGw1XG,Rascal Flatts,Me And My Gang,Life is a Highway,14,2006-01-01
1fr92Vupmcs2vgLMFVQ7rd,The Rasmus,Dead Letters,In the Shadows,2,2003-03-24
278kw1KHA8oxEIlAnjd5qX,Jimmy & the Raspberries,Jimmy & the Raspberries,California,4,2010-07-14
2xar08Fq5xra2KKZs5Bw9j,Ray Charles,"Ray Charles (aka: Hallelujah, I Love Her So)",I've Got a Woman,14,1957-01-01
7GVUmCP00eSsqc4tzj1sDD,Redbone,Come and Get Your Love,Come and Get Your Love - Single Version,1,1973-11-01
3d9DChrdc6BOeFsbrZ3Is0,Red Hot Chili Peppers,Blood Sugar Sex Magik (Deluxe Edition),Under the Bridge,11,1991-09-24
4rAnSE0E0f33unxXsQa5Fr,Red Rider,As Far As Siam,Lunatic Fringe,1,1981-01-01
14g6foD6sxO1qgkDKuPgWv,The Replacements,Tim [Expanded Edition],Swingin Party - 2008 Remaster,6,1985
5OGfBbWmRRkDiZiJbu5WIr,Richard Hell,Spurts: The Richard Hell Story (2013 Remaster),Blank Generation - 2013 Remaster,4,2005-08-02
2dCmGcEOQrMQhMMS8Vj7Ca,Rick James,Street Songs (Deluxe Edition),Super Freak,5,1981-04-07
0SsYlkXxZ5vkWOTsKxMfMz,Ricky Nelson,Ricky Sings Again (Expanded Edition / Remastered),Lonesome Town,4,1959-01-01
1hwN2eAwsXgktvw9Qe8TrP,Ringo Starr,Ringo,Photograph,3,1973-01-01
3asFGFY3uLjMDmML1p0tYm,Rise Against,Appeal To Reason,Savior,11,2008-01-01
2aEeghgUcnu75tzcolFMfs,Ritchie Valens,Ritchie Valens,La Bamba - Single Version,7,1959
3LtwmK1OfN0dGs9jf3qSjn,Rob Thomas,cradlesong,Her Diamonds,1,2009-06-22
6Nm8h73ycDG2saCnZV8poF,Rob Zombie,Hellbilly Deluxe,Dragula,3,1998-01-01
7fH9ZS8gezOtky5bkYHvCN,Robbie Williams,The Ego Has Landed,Angels,5,1999
5izGeTxueiFX1UPFGohY9w,Robert Palmer,Riptide,Addicted To Love,3,1985-01-01
7257drAN3eTtaaUUPw95B3,Robert Plant,The Principle Of Moments,Big Log - 2006 Remaster,8,2007-05-21
6rovOdp3HgK1DeAMYDzoA7,Rod Stewart,Every Picture Tells A Story,Maggie May,5,1971-05-18
4cHvNUjD8pzO8qNR8P5Gwl,Roger Daltrey,Ever Fallen in Love (With Someone You Shouldn't've)?,Ever Fallen in Love (With Someone You Shouldn't've)?,1,2005-11-11
47WVTpZdDpjftdfc6BJ3Me,Roger Taylor,the lot,Man On Fire,3,2014-01-01
63T7DJ1AFDD6Bn8VzG6JE8,The Rolling Stones,Aftermath,"Paint It, Black",1,1966-04-15
1WN4uNclrDuczTO3bCr8s1,The Ronettes,Presenting the Fabulous Ronettes Featuring Veronica,Be My Baby,7,2012-04-24
6uy8TRzbZysORwj7glkhq5,Ronnie James Dio,This Is '80s Hair Metal,Dream On,9,2003-06-10
5GvVxxwieOVIlZaCU9bG0R,Ronny & The Daytonas,G.T.O. Best Of The Mala Recordings,G.T.O.,1,2005-09-20
3D8G2xuMXgHnpbttOQGQOT,Rory Storm & The Hurricanes,This Is Mersey Beat,Beautiful Dreamer,13,2019-11-28
78TnMTAFmWUWWCgNXR7D3K,Roxette,Look Sharp! (2009 Version),Listen to Your Heart,13,1988-10-19
6N7gPTru90HYLRUIVDQ185,Roxy Music,Avalon,More Than This - Remastered,1,1982-05-01
48i055G1OT5KxGGftwFxWy,Roy Orbison,"Oh, Pretty Woman","Oh, Pretty Woman",1,1962
6jBCehpNMkwFVF3dz4nLIW,Run–D.M.C.,Raising Hell,It's Tricky,2,1986-05-15
3QZ7uX97s82HFYSmQUAN1D,Rush,Moving Pictures (2011 Remaster),Tom Sawyer,1,1981-02-12
0z3WXu8NBUDOOLlLqFU6qT,Samantha Fox,Touch Me,Touch Me (I Want Your Body),1,2012-08-10
1XxUDJp9zsjd6tBSvE3la4,Sammy Hagar,Standing Hampton,Heavy Metal,5,1981-01-01
51wFQM8W0YfXTmHusXUr5i,Tyga,MAMACITA,MAMACITA,1,2019-10-25
4E6cwWJWZw2zWf7VFbH7wf,Sara Bareilles,Little Voice,Love Song,1,2007-07-03
013AWvizllIUEC2FOBzOnh,Savage Garden,Savage Garden,Truly Madly Deeply,3,1997-03-04
3sLhMSePzxSrmxluIqeoAZ,Screamin' Jay Hawkins,At Home with Screamin' Jay Hawkins,I Put a Spell On You,5,1958
7qzFXUvBk7lELXuxVREypV,Screaming Trees,Sweet Oblivion,Nearly Lost You,2,1992
3ovjw5HZZv43SxTwApooCM,Scorpions,Crazy World,Wind Of Change,4,1990-01-01
3B0ms7Xlxl16tRztKHpcu9,Seals and Crofts,Summer Breeze,Summer Breeze,4,1972
1hGy2eLcmC8eKx7qr1tOqx,Sean Kingston,Beautiful Girls,Beautiful Girls,1,2007-07-23
54QcKmgRLTYowmRffIK2V1,Nashier Sean Lennon,Sttc the 90's,Bad Dream,4,2020-01-11
37eGbhE1xVFSvcKkqGb6i1,Sean Paul,Contra La Pared,Contra La Pared,1,2019-03-14
1A5V1sxyCLpKJezp75tUXn,Semisonic,20th Century Masters: The Millennium Collection: Best Of Semisonic,Closing Time,1,2003-01-01
6ui6l3ZNvlrGQZArwo8195,Sex Pistols,"Never Mind The Bollocks, Here's The Sex Pistols",God Save the Queen,6,1977-10-27
2ez6qvOTHKeI3ss80NGqnI,SHAED,Melt (Deluxe),Trampoline (with ZAYN),15,2019-12-27
2DVmysS5JXqtrNyL5buBR0,Shakin' Stevens,Shakin' Stevens - The Collection,Merry Christmas Everyone - Single Version - Re-mastered 2004,25,2005-04-08
1wb4P4F0sxAQ2KXrRvsx6n,Shania Twain,Come On Over,You're Still The One,10,1997-11-04
0bwy3sGHeYwng2Ioicq6wf,The Shirelles,Tonight's The Night,Will You Love Me Tomorrow,4,1961-01-01
2hEYslbdYWFSIA6JboUvnR,Shinedown,ATTENTION ATTENTION,DEVIL,2,2018-05-04
1Qq7Tq8zZHuelGv9LQE2Yy,Slash,Spotify Sessions,Sweet Child O' Mine - Acoustic,4,2014-08-25
5EOoMWIB9iK4ZpcSex9Ec7,Bob Seger,Stranger In Town,Old Time Rock & Roll,3,1978-05-05
1aDLUzCyYpRXgrjwUWzV2X,Silversun Pickups,Carnavas,Lazy Eye,7,2006-07-25
0iOZM63lendWRTTeKhZBSC,Simon & Garfunkel,Bookends,"Mrs. Robinson - From ""The Graduate"" Soundtrack",10,1968-04-03
6otiaV2fagE3s8IvP6WkwG,Simple Plan,"No Pads, No Helmets...Just Balls (15th Anniversary Tour Edition)",I'm Just a Kid,4,2018-04-06
6EZDbjz2X5XzgIZCtbsrXh,Siouxsie and the Banshees,Through The Looking Glass (Remastered And Expanded),The Passenger,7,1987-03-02
1SAkL1mYNJlaqnBQxVZrRl,Sir Mix-A-Lot,Mack Daddy,Baby Got Back,3,1992-01-01
17aDyX39gb1iV1ZWvD1ffE,Sir Sly,"Don't You Worry, Honey",High,1,2017-06-30
0qgrrDnUUhyxpxbBznUnzg,Skid Row,Skid Row,18 and Life,5,1989-01-24
2UREu1Y8CO4jXkbvqAtP7g,Skillet,Awake,Monster,2,2009-08-21
66hayvUbTotekKU3H4ta1f,Jack Ü,Skrillex and Diplo present Jack Ü,Where Are Ü Now (with Justin Bieber),9,2015-02-24
5mpUKTdskZea0gStWzeHUZ,Slipknot,We Are Not Your Kind,Unsainted,2,2019-08-09
4lWi8GnQbYUmX9j0Y1Cx9u,Sleater-Kinney,The Woods,Modern Girl,5,2005-05-24
2BydLQAh7CUIFvSEqAMc4x,Sly & The Family Stone,Fresh,If You Want Me to Stay,2,1973-06-30
3cfOd4CMv2snFaKAnMdnvK,Smash Mouth,Astro Lounge,All Star,5,1999-01-01
5QLHGv0DfpeXLNFo7SFEy1,The Smashing Pumpkins,Mellon Collie And The Infinite Sadness (Deluxe Edition),1979 - Remastered 2012,5,1995
0WQiDwKJclirSYG9v5tayI,The Smiths,The Queen Is Dead,There Is a Light That Never Goes Out - 2011 Remaster,9,1986
2gliw3L0oa4w8LqaHploje,Smokey Robinson,Where There's Smoke...,Cruisin',7,1979-05-22
44q2DhInsQYJ8X1q2H1RNj,Smokie Norful,I Need You Now,I Need You Now,2,2002-01-01
4Q4w8aRdfhIIEhBututktL,Social Distortion,Social Distortion,Story of My Life,3,1990-03-27
0WIbzDVEpmOyBnqqdtqIL9,Sonic Youth,Daydream Nation (Deluxe Edition),Teen Age Riot (Album Version),1,1988-10-04
1TdmzgmdjrKQjJWk4jTGlO,Sonny Bono,Inner Views,Laugh at Me - Single Version,6,1967
4SGBuq37Ol4HJr7pQqFMKa,Sonny & Cher,Look At Us,I Got You Babe,1,1965
2EoOZnxNgtmZaD8uUmz2nD,Soundgarden,Superunknown (Deluxe Edition),Black Hole Sun,7,1994-03-09
0CsM8VGDi38kusMv3pxyj1,Spandau Ballet,True - The Digital E.P.,TRUE - Single Edit,1,2008-04-25
24Ja9b0r3vZDIYKfH8lTVv,Sparks,Kimono My House,This Town Ain't Big Enough For Both Of Us,1,1974-05
3qCHUm73I3o5F1mDEfibzo,The Spencer Davis Group,Gimme Some Loving / Blues In F,Gimme Some Lovin' - Single Mix,1,1966-11-17
6zyooAtuu9501vDvV7F8Ga,Spongebob Squarepants,SpongeBob's Greatest Hits,Gary's Song,13,2001
6FOpPA0a80RuBqqgDozvja,Staind,14 Shades of Grey,So Far Away,3,2003-05-13
6OnfBiiSc9RGKiBKKtZXgQ,Starship,Knee Deep In The Hoopla,We Built This City,1,1985-09-10
1ydpGKWD5D8tvTHWN8h58q,Status Quo,Rockin' All Over The World,Rockin' All Over The World,7,2005-01-01
1I7zHEdDx8Ny5RxzYPqsU2,Steely Dan,Can't Buy A Thrill,Reelin' In The Years,6,1972-01-01
3lN8PP6R2IxbLP05QpYXng,Steppenwolf,Steppenwolf,Born To Be Wild - Single Version,5,1968-01-01
1bp2IO61zbQrbWNmKKxg3f,Steve Miller Band,The Joker,The Joker,5,1973-01-01
2HcokWTBGI5EjGeNVLgd8Q,Steve Winwood,'80s Pop Number 1's,Higher Love - Single Version,14,2007-01-01
7Bs7E2RtJh6Zo1ngWIpm3s,Steven Adler,American '80s Hair Metal,Nice Boys,8,2008-01-22
6CKoWCWAqEVWVjpeoJXyNH,Sting,Ten Summoner's Tales,Shape Of My Heart,10,1993-03-09
6qLEOZvf5gI7kWE63JE7p3,Stone Temple Pilots,Purple (2019 Remaster),Interstate Love Song - 2019 Remaster,4,1994-06-07
23t8wosAfCbiLQy15HX8SE,Stone The Crows,Stone The Crows / Ode To John Law,The Touch Of Your Loving Hand,1,2015-09-04
79MMMdYL00iwKVHBSAUkLY,The Stooges,The Stooges (50th Anniversary Deluxe Edition) [2019 Remaster],I Wanna Be Your Dog - 2019 Remaster,2,1969-01-01
5yogRsv5ggT6iCnFgvdpho,Stray Cats,Built For Speed,Stray Cat Strut,4,1982-01-01
1CQqupcyMg7176PPmIVmSj,Styx,Pieces Of Eight,Renegade,8,1978-01-01
2hnMS47jN0etwvFPzYk11f,Sublime,Sublime,Santeria,6,1996-07-30
0qdnPX9umHlQBQuv2sYZlo,Sublime With Rome,Yours Truly (Deluxe),Take It or Leave It,9,2011-07-08
6uvwazq5PsHxftSMFGuQRS,The Sugarhill Gang,Party,Rapper's Delight,4,2017-02-17
0SoK5u8MD2VVikNPwXBz74,Sugarland,Bigger (Big Machine Radio Release Special),Babe,15,2018-06-07
3uPfVXcjnpOjyzI3jb3js4,Sugar Ray,Floored,Fly,13,1997-06-20
1HNE2PX70ztbEl6MLxrpNL,Sum 41,"All Killer, No Filler",In Too Deep,7,2001-01-01
5k7RUvywwUAl7Dq6qEXR8c,Sunny Day Real Estate,Diary (2009 Edition),In Circles - Remastered,2,1994-05-10
1OppEieGNdItZbE14gLBEv,The Supremes,The Supremes A' Go-Go (Expanded Edition),You Can't Hurry Love,15,1966-08-25
4anUinKv803lyDD1vaSXhU,The Surfaris,The Best Of The Surfaris,Wipe Out - Hit Version / Extended Ending,1,2008-01-01
4uip0lLkMKl1nwchsdXs1r,Sweet,Desolation Boulevard,Fox On The Run,7,1974
79pfMqEMRo8jzPGX7fyw0K,Switchfoot,I Won't Let You Go,I Won't Let You Go,1,2017-11-03
5T7LRFc3HfK4AN0r14ZbkQ,Syd Barrett,The Madcap Laughs,Octopus,7,2016-05-13
2DlHlPMa4M17kufBvI2lEN,System Of A Down,Toxicity,Chop Suey!,6,2001-09-04
6FsQrRpBLgsrFeAeiQqytm,T. Rex,Electric Warrior [Expanded & Remastered],Bang a Gong (Get It On) - Remastered Version,6,1971-09-24
6vcdzohhBSbNdsZBh5IRpQ,Take That,Nobody Else (Expanded Edition),Back for Good - Radio Mix,2,1995-05-08
1i6N76fftMZhijOzFQ5ZtL,Talking Heads,Talking Heads '77 (Deluxe Version),Psycho Killer - 2005 Remaster,10,1977-09-16
4jhsuQCUCJKA5f0bXb6XdJ,Talk Talk,It's My Life,It's My Life - 1997 Remaster,4,1984
6p4rq5rCLgPjjxVmPOLlhN,Tangerine Dream,"Chill, Calm, Come On Down Mix Tape",Love On A Real Train,12,2019-11-22
6tpGF2kYnrqO0S44jKxduZ,Tantric,Tantric (U.S. Version-Enh'd),Breakdown,1,2001-02-13
6RRNNciQGZEXnqk8SQ9yv5,Taylor Swift,Lover,You Need To Calm Down,14,2019-08-23
4RvWPyQ5RL0ao9LPZeSouE,Tears For Fears,Songs From The Big Chair (Super Deluxe Edition),Everybody Wants To Rule The World,3,1985-02-25
3CtphwpjC0XjIVpLFvGiQR,Temple Of The Dog,Temple Of The Dog (Deluxe Edition),Hunger Strike - 25th Anniversary Mix,3,2016-04-16
745H5CctFr12Mo7cqa1BMH,The Temptations,The Temptations Sing Smokey,My Girl,3,1965-03-22
4D3Twi99sdqxesC68XAPf5,Ten Years After,The Anthology (1967-1971),I'd Love To Change The World,12,2002-01-01
53XBXgtdqf1gmWMm3rqV27,Tenacious D,Tenacious D,Tribute,3,2001-09-25
749S6pIVPtnCCq6mzufmUd,Terry Knight And The Pack,Terry Knight And The Pack/Reflections,I (Who Have Nothing),12,1966-01-01
5ZIU2kT1wNjQNclQeVCz5O,Tesla,Mechanical Resonance,Modern Day Cowboy,7,1986-01-01
1DKyFVzIh1oa1fFnEmTkIl,Them,The Essential Van Morrison,Gloria (feat. Van Morrison) - Stereo Version,1,2015-12-04
7uJLdyIAaYLGT0oLw7I6b3,Them Crooked Vultures,Them Crooked Vultures,New Fang,3,2009-11-17
2UZtI2HUyLRzqBjodvcUmY,Theory of a Deadman,Wake Up Call,Rx (Medicate),2,2017-10-27
0BJU4rYOfj43xHw6gvTIwE,Thompson Twins,Into The Gap,Hold Me Now,3,1984-10-01
2ymeOsYijJz09LfKw3yM2x,Three Dog Night,Naturally,Joy To The World,10,1970-01-01
0M955bMOoilikPXwKLYpoi,Three Days Grace,Three Days Grace,I Hate Everything About You,3,2003-04-19
43DeSV93pJPT4lCZaWZ6b1,Thin Lizzy,Jailbreak (Deluxe Edition),The Boys Are Back In Town,6,1976
42et6fnHCw1HIPSrdPprMl,Third Eye Blind,Third Eye Blind,Semi-Charmed Life,3,1997-04-08
2W2ieVidLIx9TDvxu0ZT6F,Tina Turner,Simply the Best,The Best - Edit,1,1991-09-30
56SkdBKyR2zOkjk6wVFI9s,Toadies,Rubberneck,Possum Kingdom,4,1994-01-01
18BajNiyvH6GpYshB0unrm,Toby Keith,Toby Keith 35 Biggest Hits,Should've Been A Cowboy,1,2008-01-01
1QDvX3Oa7xM0So8P7qYqVN,Tokio Hotel,Scream,Monsoon - Gateway Version,3,2007
7jIFGkTBIK1UwWaEXMW2Nh,Tom Cochrane,Mad Mad World (Deluxe),Life Is A Highway,1,1991-09-19
5tVA6TkbaAH9QMITTQRrNv,Tom Petty,Full Moon Fever,Free Fallin',1,1989-01-01
7MRyJPksH3G2cXHN8UKYzP,Tom Petty and the Heartbreakers,Tom Petty & The Heartbreakers,American Girl,10,1976-11-09
1qTfHUVPsZTnrmvwQrAQdW,Tommy James & The Shondells,Crimson And Clover / Some Kind Of Love [Digital 45],Crimson And Clover [Mono Version] (45 version),1,1969
4KoNBTm9a55KgLMtEaf3n6,Tonic,Lemon Parade,If You Could Only See,3,1996-07-15
1Xwh83YOFQARZ3QXscP123,Tori Kelly,Unbreakable Smile,I Was Made For Loving You,7,2016-01-29
2374M0fQpWi3dLnB54qaLX,TOTO,Toto IV,Africa,10,1982-04-08
6iX1f3r7oUJnMbGgQ2gx1j,Tommy Tutone,Tommy Tutone - 2,867-5309 / Jenny,1,1981-12-04
2jUoKSWTHduXxUL3JomwhB,Tove Lo,Bikini Porn,Bikini Porn,1,2020-01-15
68Q1r5zDnnYaHkh80yal4A,Trace Adkins,American Man: Greatest Hits Volume II,You're Gonna Miss This,3,2007-01-01
5CGpPUcUahMuLzkNK9ZgPP,Traffic,Mr. Fantasy,Dear Mr. Fantasy,5,1967
4HlFJV71xXKIGcU3kRyttv,Train,"Save Me, San Francisco (Golden Gate Edition)","Hey, Soul Sister",2,2010-12-01
4HA2jo7wkMdN1lmLO6ryzE,Traveling Wilburys,"The Traveling Wilburys, Vol. 1",End Of The Line,10,1988-10-18
3eekarcy7kvN4yt5ZFzltW,Travis Scott,HIGHEST IN THE ROOM,HIGHEST IN THE ROOM,1,2019-10-04
3oW6SWwGqiZSPTiAp7ZQoH,Travis Tritt,Down The Road I Go,It's A Great Day To Be Alive,4,2000-10-01
2qPUnoasNe4Ep43emVXEig,Travie McCoy,Lazarus,Billionaire (feat. Bruno Mars),3,2010-06-07
7jGzYUZ2Bgg8BDfYlQRfn8,The Troggs,From Nowhere,Wild Thing,1,1966-07-25
3ssX20QT5c3nA9wk78V1LQ,2Pac,All Eyez On Me,Ambitionz Az A Ridah,1,1996-02-13
1JO1xLtVc8mWhIoE3YaCL0,The Turtles,Happy Together,Happy Together,6,1967-04
1hlveB9M6ijHZRbzZ2teyh,Twisted Sister,Stay Hungry,We're Not Gonna Take It,2,1984
6ADSaE87h8Y3lccZlBJdXH,U2,The Joshua Tree (Super Deluxe),With Or Without You - Remastered,3,1987-03-03
4uOKFydzAejjSFqYbv1XPt,UB40,The Very Best Of,Red Red Wine,5,2000
4KoecuyOpZaNFZ0UqVsllc,Uncle Kracker,Double Wide,Follow Me,4,2000-06-13
1JNKvlKsFw4SbPpXQTvxzS,Uriah Heep,Celebration (Bonus Track Edition),Lady in Black,14,2009-10-02
39exKIvycQDgs4T6uXdyu0,Vampire Weekend,Father of the Bride,Harmony Hall,2,2019-05-03
7N3PAbqfTjSEU1edb2tY8j,Van Halen,1984 (Remastered),Jump - 2015 Remaster,2,1984-01-04
3yrSvpt2l1xhsV9Em88Pul,Van Morrison,Blowin' Your Mind!,Brown Eyed Girl,1,1967-09
5sulm1kqJnbnqL4wo6xwRJ,Van Zant,Get Right With The Man,Takin' Up Space,1,2005-05-10
11VwZwNF29HrqwalYUMitb,The Velvet Underground,The Velvet Underground (45th Anniversary),Pale Blue Eyes,4,1969
4cKGldbhGJniI8BrB3K6tb,Vertical Horizon,Everything You Want,Everything You Want,3,1999-06-14
57iDDD9N9tTWe75x6qhStw,The Verve,Urban Hymns (Remastered 2016),Bitter Sweet Symphony,1,1997-09-29
21jEuMn2lf37715rwjow2M,The Verve Pipe,Villains,The Freshmen,7,1996-03-25
40Hx0p4YQp8aiotm6DV1mQ,Vince Taylor & His Playboys,Brand New Cadillac,Brand New Cadillac,1,2013-01-15
4C9gilyyES2hLnPbAlrUNR,Vordan Karmir,Lao,Sardarapat,8,2017-09-20
3QUGcs2wxh0hs1cpQYejSf,Wanda Jackson,Wanda Jackson,Let's Have A Party,12,2002-01-01
7nYvUtkQMx1v80S2FH2s9J,Warren G,Regulate… G Funk Era,Regulate,1,1994-06-07
2wdD1srQboDIDvpTRmOygd,Warren Smith,Hipster '60s Rarities & Obscurities,Uranium Rock,42,2010-07-01
6kotXaSQaGYxE62hVpdHWu,Warren Zevon,Excitable Boy,Werewolves of London - 2007 Remaster,4,1978-06-01
7jWbXvrgdbkajU8L28ahn5,The Highwaymen,Highwayman,Highwayman,1,1985-05-01
05CrK6Q5VGtfPDtyQFJ4Kf,We The Kings,Somewhere Somehow,Sad Song (feat. Elena Coats),12,2013-01-01
2MLHyLy5z5l5YRp7momlgw,Weezer,Weezer (Green Album),Island In The Sun,4,2001-05-15
60R2v9lheAu3lwZwAFxMZK,"""Weird Al"" Yankovic",Straight Outta Lynwood,"White & Nerdy (Parody of ""Ridin'"" by Chamillionaire feat. Krayzie Bone)",1,2006-09-26
1qOU8KzFifXE9YrgjVwYvc,Whitesnake,Whitesnake (2018 Remaster),Here I Go Again - 2018 Remaster,4,1987-04-07
3AGOgQzp0YcPH41u9p7dOp,The Wanted,The Wanted (Special Edition),Glad You Came,1,2012-01-01
0sf12qNH5qcw8qpgymFOqD,The Weeknd,Blinding Lights,Blinding Lights,1,2019-11-29
7i6r9KotUPQg3ozKKgEPIN,The White Stripes,Elephant,Seven Nation Army,1,2003-04-01
4tvBoSWeIW0bjhKNre5mod,White Zombie,La Sexorcisto: Devil Music Volume 1,Thunder Kiss '65,3,1992-01-01
3qiyyUfYe7CRYLucrPmulD,The Who,Who's Next,Baba O'Riley,1,1971-08-14
3eng6TJxpqjvDkxRpnfnhB,Why Don't We,Big Plans,Big Plans,1,2019-01-17
48e3oQw2IGSS4q7W0yOifX,The Wiggles,Taking Off!,Rock-A-Bye Your Bear,24,2013-01-31
4GvyP7CnBJEV2t7L7vOkjw,Wilbert Harrison,An Introduction to Wilbert Harrison,Kansas City,1,1959
7jWbXvrgdbkajU8L28ahn5,The Highwaymen,Highwayman,Highwayman,1,1985-05-01
1H4idkmruFoJBg1DvUv2tY,Paul McCartney,Band On The Run (Standard),Band On The Run - Remastered 2010,1,1973-12-05
7ISL3LO8AWP3fKIXunvqTa,Wolfmother,Wolfmother,Joker And The Thief,6,2006-01-01
3ee8Jmje8o58CHK66QrVC2,XXXTENTACION,?,SAD!,4,2018-03-16
7lGKEWMXVWWTt3X71Bv44I,X Ambassadors,VHS,Unsteady,4,2015-06-30
3ee8Jmje8o58CHK66QrVC2,XXXTENTACION,?,SAD!,4,2018-03-16
0AiuEo7FCxP2y2WTOpLPe5,The Yardbirds,The Yardbirds Story - Pt. 3 - 1965/66 - Big Hits & America Calling,Heart Full of Soul,12,2002-05-08
0GTK6TesV108Jj5D3MHsYb,Yes,90125 (Deluxe Version),Owner of a Lonely Heart,1,1983-06-01
1UqhkbzB1kuFwt2iy4h29Q,Young the Giant,Young the Giant (Special Edition),Cough Syrup,4,2011
7CQXyFX44CXmnuq8Bi9Dyc,The Youngbloods,The Youngbloods,Get Together,4,1967-03-10
4dGJf1SER1T6ooX46vwzRB,Zac Brown Band,The Foundation,Chicken Fried,6,2008-11-17
3X0773BLlMv6RMq0wkZZAk,HIXTAPE,HIXTAPE: Vol. 1,"Turn You Down (HARDY feat. Morgan Wallen, Zakk Wylde)",9,2019-09-13
2ez6qvOTHKeI3ss80NGqnI,SHAED,Melt (Deluxe),Trampoline (with ZAYN),15,2019-12-27
09IStsImFySgyp0pIQdqAc,Zedd,The Middle,The Middle,1,2018-01-23
5AJrhrwz4oSZX2PwwV4qrN,The Zombies,Odessey And Oracle,Time Of The Season (Mono Version),12,1968-04-19
70YvYr2hGlS01bKRIho1HM,ZZ Top,Tres Hombres (Expanded 2006 Remaster),La Grange - 2005 Remaster,8,1973-07-26
